student_id,academic_year,year_start,cohort,sub_cohort,start_cohort,progression_cohort,status
000001,2019–2020,2019,7,A,7A,8.0,active
000002,2019–2020,2019,7,A,7A,8.0,active
000003,2019–2020,2019,7,A,7A,8.0,active
000004,2019–2020,2019,7,A,7A,8.0,active
000005,2019–2020,2019,7,A,7A,8.0,active
000006,2019–2020,2019,7,A,7A,8.0,active
000007,2019–2020,2019,7,A,7A,8.0,active
000008,2019–2020,2019,7,A,7A,8.0,active
000009,2019–2020,2019,7,A,7A,8.0,active
000010,2019–2020,2019,7,A,7A,8.0,active
000011,2019–2020,2019,7,A,7A,8.0,active
000012,2019–2020,2019,7,A,7A,8.0,active
000013,2019–2020,2019,7,A,7A,8.0,active
000014,2019–2020,2019,7,A,7A,8.0,active
000015,2019–2020,2019,7,A,7A,8.0,active
000016,2019–2020,2019,7,B,7B,8.0,active
000017,2019–2020,2019,7,B,7B,8.0,active
000018,2019–2020,2019,7,B,7B,8.0,active
000019,2019–2020,2019,7,B,7B,8.0,active
000020,2019–2020,2019,7,B,7B,8.0,active
000021,2019–2020,2019,7,B,7B,8.0,active
000022,2019–2020,2019,7,B,7B,8.0,active
000023,2019–2020,2019,7,B,7B,8.0,active
000024,2019–2020,2019,7,B,7B,8.0,active
000025,2019–2020,2019,7,B,7B,8.0,active
000026,2019–2020,2019,7,B,7B,8.0,active
000027,2019–2020,2019,7,B,7B,8.0,active
000028,2019–2020,2019,7,B,7B,8.0,active
000029,2019–2020,2019,7,B,7B,8.0,active
000030,2019–2020,2019,7,B,7B,8.0,active
000031,2019–2020,2019,7,C,7C,8.0,active
000032,2019–2020,2019,7,C,7C,8.0,active
000033,2019–2020,2019,7,C,7C,8.0,active
000034,2019–2020,2019,7,C,7C,8.0,active
000035,2019–2020,2019,7,C,7C,8.0,active
000036,2019–2020,2019,7,C,7C,8.0,active
000037,2019–2020,2019,7,C,7C,8.0,active
000038,2019–2020,2019,7,C,7C,8.0,active
000039,2019–2020,2019,7,C,7C,8.0,active
000040,2019–2020,2019,7,C,7C,8.0,active
000041,2019–2020,2019,7,C,7C,8.0,active
000042,2019–2020,2019,7,C,7C,8.0,active
000043,2019–2020,2019,7,C,7C,8.0,active
000044,2019–2020,2019,7,C,7C,8.0,active
000045,2019–2020,2019,7,C,7C,8.0,active
000046,2019–2020,2019,8,A,8A,9.0,active
000047,2019–2020,2019,8,A,8A,9.0,active
000048,2019–2020,2019,8,A,8A,9.0,active
000049,2019–2020,2019,8,A,8A,9.0,active
000050,2019–2020,2019,8,A,8A,9.0,active
000051,2019–2020,2019,8,A,8A,9.0,active
000052,2019–2020,2019,8,A,8A,9.0,active
000053,2019–2020,2019,8,A,8A,9.0,active
000054,2019–2020,2019,8,A,8A,9.0,active
000055,2019–2020,2019,8,A,8A,9.0,active
000056,2019–2020,2019,8,A,8A,9.0,active
000057,2019–2020,2019,8,A,8A,9.0,active
000058,2019–2020,2019,8,A,8A,9.0,active
000059,2019–2020,2019,8,A,8A,9.0,active
000060,2019–2020,2019,8,A,8A,9.0,active
000061,2019–2020,2019,8,B,8B,9.0,active
000062,2019–2020,2019,8,B,8B,9.0,active
000063,2019–2020,2019,8,B,8B,9.0,active
000064,2019–2020,2019,8,B,8B,9.0,active
000065,2019–2020,2019,8,B,8B,9.0,active
000066,2019–2020,2019,8,B,8B,9.0,active
000067,2019–2020,2019,8,B,8B,9.0,active
000068,2019–2020,2019,8,B,8B,9.0,active
000069,2019–2020,2019,8,B,8B,9.0,active
000070,2019–2020,2019,8,B,8B,9.0,active
000071,2019–2020,2019,8,B,8B,9.0,active
000072,2019–2020,2019,8,B,8B,9.0,active
000073,2019–2020,2019,8,B,8B,9.0,active
000074,2019–2020,2019,8,B,8B,9.0,active
000075,2019–2020,2019,8,B,8B,9.0,active
000076,2019–2020,2019,8,C,8C,9.0,active
000077,2019–2020,2019,8,C,8C,9.0,active
000078,2019–2020,2019,8,C,8C,9.0,active
000079,2019–2020,2019,8,C,8C,9.0,active
000080,2019–2020,2019,8,C,8C,9.0,active
000081,2019–2020,2019,8,C,8C,9.0,active
000082,2019–2020,2019,8,C,8C,9.0,active
000083,2019–2020,2019,8,C,8C,9.0,active
000084,2019–2020,2019,8,C,8C,9.0,active
000085,2019–2020,2019,8,C,8C,9.0,active
000086,2019–2020,2019,8,C,8C,9.0,active
000087,2019–2020,2019,8,C,8C,9.0,active
000088,2019–2020,2019,8,C,8C,9.0,active
000089,2019–2020,2019,8,C,8C,9.0,active
000090,2019–2020,2019,8,C,8C,9.0,active
000091,2019–2020,2019,9,A,9A,10.0,active
000092,2019–2020,2019,9,A,9A,10.0,active
000093,2019–2020,2019,9,A,9A,10.0,active
000094,2019–2020,2019,9,A,9A,10.0,active
000095,2019–2020,2019,9,A,9A,10.0,active
000096,2019–2020,2019,9,A,9A,10.0,active
000097,2019–2020,2019,9,A,9A,10.0,active
000098,2019–2020,2019,9,A,9A,10.0,active
000099,2019–2020,2019,9,A,9A,10.0,active
000100,2019–2020,2019,9,A,9A,10.0,active
000101,2019–2020,2019,9,A,9A,10.0,active
000102,2019–2020,2019,9,A,9A,10.0,active
000103,2019–2020,2019,9,A,9A,10.0,active
000104,2019–2020,2019,9,A,9A,10.0,active
000105,2019–2020,2019,9,A,9A,10.0,active
000106,2019–2020,2019,9,B,9B,10.0,active
000107,2019–2020,2019,9,B,9B,10.0,active
000108,2019–2020,2019,9,B,9B,10.0,active
000109,2019–2020,2019,9,B,9B,10.0,active
000110,2019–2020,2019,9,B,9B,10.0,active
000111,2019–2020,2019,9,B,9B,10.0,active
000112,2019–2020,2019,9,B,9B,10.0,active
000113,2019–2020,2019,9,B,9B,10.0,active
000114,2019–2020,2019,9,B,9B,10.0,active
000115,2019–2020,2019,9,B,9B,10.0,active
000116,2019–2020,2019,9,B,9B,10.0,active
000117,2019–2020,2019,9,B,9B,10.0,active
000118,2019–2020,2019,9,B,9B,10.0,active
000119,2019–2020,2019,9,B,9B,10.0,active
000120,2019–2020,2019,9,B,9B,10.0,active
000121,2019–2020,2019,9,C,9C,10.0,active
000122,2019–2020,2019,9,C,9C,10.0,active
000123,2019–2020,2019,9,C,9C,10.0,active
000124,2019–2020,2019,9,C,9C,10.0,active
000125,2019–2020,2019,9,C,9C,10.0,active
000126,2019–2020,2019,9,C,9C,10.0,active
000127,2019–2020,2019,9,C,9C,10.0,active
000128,2019–2020,2019,9,C,9C,10.0,active
000129,2019–2020,2019,9,C,9C,10.0,active
000130,2019–2020,2019,9,C,9C,10.0,active
000131,2019–2020,2019,9,C,9C,10.0,active
000132,2019–2020,2019,9,C,9C,10.0,active
000133,2019–2020,2019,9,C,9C,10.0,active
000134,2019–2020,2019,9,C,9C,10.0,active
000135,2019–2020,2019,9,C,9C,10.0,active
000136,2019–2020,2019,10,A,10A,11.0,active
000137,2019–2020,2019,10,A,10A,11.0,active
000138,2019–2020,2019,10,A,10A,11.0,active
000139,2019–2020,2019,10,A,10A,11.0,active
000140,2019–2020,2019,10,A,10A,11.0,active
000141,2019–2020,2019,10,A,10A,11.0,active
000142,2019–2020,2019,10,A,10A,11.0,active
000143,2019–2020,2019,10,A,10A,11.0,active
000144,2019–2020,2019,10,A,10A,11.0,active
000145,2019–2020,2019,10,A,10A,11.0,active
000146,2019–2020,2019,10,A,10A,11.0,active
000147,2019–2020,2019,10,A,10A,11.0,active
000148,2019–2020,2019,10,A,10A,11.0,active
000149,2019–2020,2019,10,A,10A,11.0,active
000150,2019–2020,2019,10,A,10A,11.0,active
000151,2019–2020,2019,10,B,10B,11.0,active
000152,2019–2020,2019,10,B,10B,11.0,active
000153,2019–2020,2019,10,B,10B,11.0,active
000154,2019–2020,2019,10,B,10B,11.0,active
000155,2019–2020,2019,10,B,10B,11.0,active
000156,2019–2020,2019,10,B,10B,11.0,active
000157,2019–2020,2019,10,B,10B,11.0,active
000158,2019–2020,2019,10,B,10B,11.0,active
000159,2019–2020,2019,10,B,10B,11.0,active
000160,2019–2020,2019,10,B,10B,11.0,active
000161,2019–2020,2019,10,B,10B,11.0,active
000162,2019–2020,2019,10,B,10B,11.0,active
000163,2019–2020,2019,10,B,10B,11.0,active
000164,2019–2020,2019,10,B,10B,11.0,active
000165,2019–2020,2019,10,B,10B,11.0,active
000166,2019–2020,2019,10,C,10C,11.0,active
000167,2019–2020,2019,10,C,10C,11.0,active
000168,2019–2020,2019,10,C,10C,11.0,active
000169,2019–2020,2019,10,C,10C,11.0,active
000170,2019–2020,2019,10,C,10C,11.0,active
000171,2019–2020,2019,10,C,10C,11.0,active
000172,2019–2020,2019,10,C,10C,11.0,active
000173,2019–2020,2019,10,C,10C,11.0,active
000174,2019–2020,2019,10,C,10C,11.0,active
000175,2019–2020,2019,10,C,10C,11.0,active
000176,2019–2020,2019,10,C,10C,11.0,active
000177,2019–2020,2019,10,C,10C,11.0,active
000178,2019–2020,2019,10,C,10C,11.0,active
000179,2019–2020,2019,10,C,10C,11.0,active
000180,2019–2020,2019,10,C,10C,11.0,active
000181,2019–2020,2019,11,A,11A,12.0,active
000182,2019–2020,2019,11,A,11A,12.0,active
000183,2019–2020,2019,11,A,11A,12.0,active
000184,2019–2020,2019,11,A,11A,12.0,active
000185,2019–2020,2019,11,A,11A,12.0,active
000186,2019–2020,2019,11,A,11A,12.0,active
000187,2019–2020,2019,11,A,11A,12.0,active
000188,2019–2020,2019,11,A,11A,12.0,active
000189,2019–2020,2019,11,A,11A,12.0,active
000190,2019–2020,2019,11,A,11A,12.0,active
000191,2019–2020,2019,11,A,11A,12.0,active
000192,2019–2020,2019,11,A,11A,12.0,active
000193,2019–2020,2019,11,A,11A,12.0,active
000194,2019–2020,2019,11,A,11A,12.0,active
000195,2019–2020,2019,11,A,11A,12.0,active
000196,2019–2020,2019,11,B,11B,12.0,active
000197,2019–2020,2019,11,B,11B,12.0,active
000198,2019–2020,2019,11,B,11B,12.0,active
000199,2019–2020,2019,11,B,11B,12.0,active
000200,2019–2020,2019,11,B,11B,12.0,active
000201,2019–2020,2019,11,B,11B,12.0,active
000202,2019–2020,2019,11,B,11B,12.0,active
000203,2019–2020,2019,11,B,11B,12.0,active
000204,2019–2020,2019,11,B,11B,12.0,active
000205,2019–2020,2019,11,B,11B,12.0,active
000206,2019–2020,2019,11,B,11B,12.0,active
000207,2019–2020,2019,11,B,11B,12.0,active
000208,2019–2020,2019,11,B,11B,12.0,active
000209,2019–2020,2019,11,B,11B,12.0,active
000210,2019–2020,2019,11,B,11B,12.0,active
000211,2019–2020,2019,11,C,11C,12.0,active
000212,2019–2020,2019,11,C,11C,12.0,active
000213,2019–2020,2019,11,C,11C,12.0,active
000214,2019–2020,2019,11,C,11C,12.0,active
000215,2019–2020,2019,11,C,11C,12.0,active
000216,2019–2020,2019,11,C,11C,12.0,active
000217,2019–2020,2019,11,C,11C,12.0,active
000218,2019–2020,2019,11,C,11C,12.0,active
000219,2019–2020,2019,11,C,11C,12.0,active
000220,2019–2020,2019,11,C,11C,12.0,active
000221,2019–2020,2019,11,C,11C,12.0,active
000222,2019–2020,2019,11,C,11C,12.0,active
000223,2019–2020,2019,11,C,11C,12.0,active
000224,2019–2020,2019,11,C,11C,12.0,active
000225,2019–2020,2019,11,C,11C,12.0,active
000226,2019–2020,2019,12,A,12A,,graduated
000227,2019–2020,2019,12,A,12A,,graduated
000228,2019–2020,2019,12,A,12A,,graduated
000229,2019–2020,2019,12,A,12A,,graduated
000230,2019–2020,2019,12,A,12A,,graduated
000231,2019–2020,2019,12,A,12A,,graduated
000232,2019–2020,2019,12,A,12A,,graduated
000233,2019–2020,2019,12,A,12A,,graduated
000234,2019–2020,2019,12,A,12A,,graduated
000235,2019–2020,2019,12,A,12A,,graduated
000236,2019–2020,2019,12,A,12A,,graduated
000237,2019–2020,2019,12,A,12A,,graduated
000238,2019–2020,2019,12,A,12A,,graduated
000239,2019–2020,2019,12,A,12A,,graduated
000240,2019–2020,2019,12,A,12A,,graduated
000241,2019–2020,2019,12,B,12B,,graduated
000242,2019–2020,2019,12,B,12B,,graduated
000243,2019–2020,2019,12,B,12B,,graduated
000244,2019–2020,2019,12,B,12B,,graduated
000245,2019–2020,2019,12,B,12B,,graduated
000246,2019–2020,2019,12,B,12B,,graduated
000247,2019–2020,2019,12,B,12B,,graduated
000248,2019–2020,2019,12,B,12B,,graduated
000249,2019–2020,2019,12,B,12B,,graduated
000250,2019–2020,2019,12,B,12B,,graduated
000251,2019–2020,2019,12,B,12B,,graduated
000252,2019–2020,2019,12,B,12B,,graduated
000253,2019–2020,2019,12,B,12B,,graduated
000254,2019–2020,2019,12,B,12B,,graduated
000255,2019–2020,2019,12,B,12B,,graduated
000256,2019–2020,2019,12,C,12C,,graduated
000257,2019–2020,2019,12,C,12C,,graduated
000258,2019–2020,2019,12,C,12C,,graduated
000259,2019–2020,2019,12,C,12C,,graduated
000260,2019–2020,2019,12,C,12C,,graduated
000261,2019–2020,2019,12,C,12C,,graduated
000262,2019–2020,2019,12,C,12C,,graduated
000263,2019–2020,2019,12,C,12C,,graduated
000264,2019–2020,2019,12,C,12C,,graduated
000265,2019–2020,2019,12,C,12C,,graduated
000266,2019–2020,2019,12,C,12C,,graduated
000267,2019–2020,2019,12,C,12C,,graduated
000268,2019–2020,2019,12,C,12C,,graduated
000269,2019–2020,2019,12,C,12C,,graduated
000270,2019–2020,2019,12,C,12C,,graduated
000001,2020–2021,2020,8,A,7A,9.0,active
000002,2020–2021,2020,8,A,7A,9.0,active
000003,2020–2021,2020,8,A,7A,9.0,active
000004,2020–2021,2020,8,A,7A,9.0,active
000005,2020–2021,2020,8,A,7A,9.0,active
000006,2020–2021,2020,8,A,7A,9.0,active
000007,2020–2021,2020,8,A,7A,9.0,active
000008,2020–2021,2020,8,A,7A,9.0,active
000009,2020–2021,2020,8,A,7A,9.0,active
000010,2020–2021,2020,8,A,7A,9.0,active
000011,2020–2021,2020,8,A,7A,9.0,active
000012,2020–2021,2020,8,A,7A,9.0,active
000013,2020–2021,2020,8,A,7A,9.0,active
000014,2020–2021,2020,8,A,7A,9.0,active
000015,2020–2021,2020,8,A,7A,9.0,active
000016,2020–2021,2020,8,B,7B,9.0,active
000017,2020–2021,2020,8,B,7B,9.0,active
000018,2020–2021,2020,8,B,7B,9.0,active
000019,2020–2021,2020,8,B,7B,9.0,active
000020,2020–2021,2020,8,B,7B,9.0,active
000021,2020–2021,2020,8,B,7B,9.0,active
000022,2020–2021,2020,8,B,7B,9.0,active
000023,2020–2021,2020,8,B,7B,9.0,active
000024,2020–2021,2020,8,B,7B,9.0,active
000025,2020–2021,2020,8,B,7B,9.0,active
000026,2020–2021,2020,8,B,7B,9.0,active
000027,2020–2021,2020,8,B,7B,9.0,active
000028,2020–2021,2020,8,B,7B,9.0,active
000029,2020–2021,2020,8,B,7B,9.0,active
000030,2020–2021,2020,8,B,7B,9.0,active
000031,2020–2021,2020,8,C,7C,9.0,active
000032,2020–2021,2020,8,C,7C,9.0,active
000033,2020–2021,2020,8,C,7C,9.0,active
000034,2020–2021,2020,8,C,7C,9.0,active
000035,2020–2021,2020,8,C,7C,9.0,active
000036,2020–2021,2020,8,C,7C,9.0,active
000037,2020–2021,2020,8,C,7C,9.0,active
000038,2020–2021,2020,8,C,7C,9.0,active
000039,2020–2021,2020,8,C,7C,9.0,active
000040,2020–2021,2020,8,C,7C,9.0,active
000041,2020–2021,2020,8,C,7C,9.0,active
000042,2020–2021,2020,8,C,7C,9.0,active
000043,2020–2021,2020,8,C,7C,9.0,active
000044,2020–2021,2020,8,C,7C,9.0,active
000045,2020–2021,2020,8,C,7C,9.0,active
000046,2020–2021,2020,9,A,8A,10.0,active
000047,2020–2021,2020,9,A,8A,10.0,active
000048,2020–2021,2020,9,A,8A,10.0,active
000049,2020–2021,2020,9,A,8A,10.0,active
000050,2020–2021,2020,9,A,8A,10.0,active
000051,2020–2021,2020,9,A,8A,10.0,active
000052,2020–2021,2020,9,A,8A,10.0,active
000053,2020–2021,2020,9,A,8A,10.0,active
000054,2020–2021,2020,9,A,8A,10.0,active
000055,2020–2021,2020,9,A,8A,10.0,active
000056,2020–2021,2020,9,A,8A,10.0,active
000057,2020–2021,2020,9,A,8A,10.0,active
000058,2020–2021,2020,9,A,8A,10.0,active
000059,2020–2021,2020,9,A,8A,10.0,active
000060,2020–2021,2020,9,A,8A,10.0,active
000061,2020–2021,2020,9,B,8B,10.0,active
000062,2020–2021,2020,9,B,8B,10.0,active
000063,2020–2021,2020,9,B,8B,10.0,active
000064,2020–2021,2020,9,B,8B,10.0,active
000065,2020–2021,2020,9,B,8B,10.0,active
000066,2020–2021,2020,9,B,8B,10.0,active
000067,2020–2021,2020,9,B,8B,10.0,active
000068,2020–2021,2020,9,B,8B,10.0,active
000069,2020–2021,2020,9,B,8B,10.0,active
000070,2020–2021,2020,9,B,8B,10.0,active
000071,2020–2021,2020,9,B,8B,10.0,active
000072,2020–2021,2020,9,B,8B,10.0,active
000073,2020–2021,2020,9,B,8B,10.0,active
000074,2020–2021,2020,9,B,8B,10.0,active
000075,2020–2021,2020,9,B,8B,10.0,active
000076,2020–2021,2020,9,C,8C,10.0,active
000077,2020–2021,2020,9,C,8C,10.0,active
000078,2020–2021,2020,9,C,8C,10.0,active
000079,2020–2021,2020,9,C,8C,10.0,active
000080,2020–2021,2020,9,C,8C,10.0,active
000081,2020–2021,2020,9,C,8C,10.0,active
000082,2020–2021,2020,9,C,8C,10.0,active
000083,2020–2021,2020,9,C,8C,10.0,active
000084,2020–2021,2020,9,C,8C,10.0,active
000085,2020–2021,2020,9,C,8C,10.0,active
000086,2020–2021,2020,9,C,8C,10.0,active
000087,2020–2021,2020,9,C,8C,10.0,active
000088,2020–2021,2020,9,C,8C,10.0,active
000089,2020–2021,2020,9,C,8C,10.0,active
000090,2020–2021,2020,9,C,8C,10.0,active
000091,2020–2021,2020,10,A,9A,11.0,active
000092,2020–2021,2020,10,A,9A,11.0,active
000093,2020–2021,2020,10,A,9A,11.0,active
000094,2020–2021,2020,10,A,9A,11.0,active
000095,2020–2021,2020,10,A,9A,11.0,active
000096,2020–2021,2020,10,A,9A,11.0,active
000097,2020–2021,2020,10,A,9A,11.0,active
000098,2020–2021,2020,10,A,9A,11.0,active
000099,2020–2021,2020,10,A,9A,11.0,active
000100,2020–2021,2020,10,A,9A,11.0,active
000101,2020–2021,2020,10,A,9A,11.0,active
000102,2020–2021,2020,10,A,9A,11.0,active
000103,2020–2021,2020,10,A,9A,11.0,active
000104,2020–2021,2020,10,A,9A,11.0,active
000105,2020–2021,2020,10,A,9A,11.0,active
000106,2020–2021,2020,10,B,9B,11.0,active
000107,2020–2021,2020,10,B,9B,11.0,active
000108,2020–2021,2020,10,B,9B,11.0,active
000109,2020–2021,2020,10,B,9B,11.0,active
000110,2020–2021,2020,10,B,9B,11.0,active
000111,2020–2021,2020,10,B,9B,11.0,active
000112,2020–2021,2020,10,B,9B,11.0,active
000113,2020–2021,2020,10,B,9B,11.0,active
000114,2020–2021,2020,10,B,9B,11.0,active
000115,2020–2021,2020,10,B,9B,11.0,active
000116,2020–2021,2020,10,B,9B,11.0,active
000117,2020–2021,2020,10,B,9B,11.0,active
000118,2020–2021,2020,10,B,9B,11.0,active
000119,2020–2021,2020,10,B,9B,11.0,active
000120,2020–2021,2020,10,B,9B,11.0,active
000121,2020–2021,2020,10,C,9C,11.0,active
000122,2020–2021,2020,10,C,9C,11.0,active
000123,2020–2021,2020,10,C,9C,11.0,active
000124,2020–2021,2020,10,C,9C,11.0,active
000125,2020–2021,2020,10,C,9C,11.0,active
000126,2020–2021,2020,10,C,9C,11.0,active
000127,2020–2021,2020,10,C,9C,11.0,active
000128,2020–2021,2020,10,C,9C,11.0,active
000129,2020–2021,2020,10,C,9C,11.0,active
000130,2020–2021,2020,10,C,9C,11.0,active
000131,2020–2021,2020,10,C,9C,11.0,active
000132,2020–2021,2020,10,C,9C,11.0,active
000133,2020–2021,2020,10,C,9C,11.0,active
000134,2020–2021,2020,10,C,9C,11.0,active
000135,2020–2021,2020,10,C,9C,11.0,active
000136,2020–2021,2020,11,A,10A,12.0,active
000137,2020–2021,2020,11,A,10A,12.0,active
000138,2020–2021,2020,11,A,10A,12.0,active
000139,2020–2021,2020,11,A,10A,12.0,active
000140,2020–2021,2020,11,A,10A,12.0,active
000141,2020–2021,2020,11,A,10A,12.0,active
000142,2020–2021,2020,11,A,10A,12.0,active
000143,2020–2021,2020,11,A,10A,12.0,active
000144,2020–2021,2020,11,A,10A,12.0,active
000145,2020–2021,2020,11,A,10A,12.0,active
000146,2020–2021,2020,11,A,10A,12.0,active
000147,2020–2021,2020,11,A,10A,12.0,active
000148,2020–2021,2020,11,A,10A,12.0,active
000149,2020–2021,2020,11,A,10A,12.0,active
000150,2020–2021,2020,11,A,10A,12.0,active
000151,2020–2021,2020,11,B,10B,12.0,active
000152,2020–2021,2020,11,B,10B,12.0,active
000153,2020–2021,2020,11,B,10B,12.0,active
000154,2020–2021,2020,11,B,10B,12.0,active
000155,2020–2021,2020,11,B,10B,12.0,active
000156,2020–2021,2020,11,B,10B,12.0,active
000157,2020–2021,2020,11,B,10B,12.0,active
000158,2020–2021,2020,11,B,10B,12.0,active
000159,2020–2021,2020,11,B,10B,12.0,active
000160,2020–2021,2020,11,B,10B,12.0,active
000161,2020–2021,2020,11,B,10B,12.0,active
000162,2020–2021,2020,11,B,10B,12.0,active
000163,2020–2021,2020,11,B,10B,12.0,active
000164,2020–2021,2020,11,B,10B,12.0,active
000165,2020–2021,2020,11,B,10B,12.0,active
000166,2020–2021,2020,11,C,10C,12.0,active
000167,2020–2021,2020,11,C,10C,12.0,active
000168,2020–2021,2020,11,C,10C,12.0,active
000169,2020–2021,2020,11,C,10C,12.0,active
000170,2020–2021,2020,11,C,10C,12.0,active
000171,2020–2021,2020,11,C,10C,12.0,active
000172,2020–2021,2020,11,C,10C,12.0,active
000173,2020–2021,2020,11,C,10C,12.0,active
000174,2020–2021,2020,11,C,10C,12.0,active
000175,2020–2021,2020,11,C,10C,12.0,active
000176,2020–2021,2020,11,C,10C,12.0,active
000177,2020–2021,2020,11,C,10C,12.0,active
000178,2020–2021,2020,11,C,10C,12.0,active
000179,2020–2021,2020,11,C,10C,12.0,active
000180,2020–2021,2020,11,C,10C,12.0,active
000181,2020–2021,2020,12,A,11A,,graduated
000182,2020–2021,2020,12,A,11A,,graduated
000183,2020–2021,2020,12,A,11A,,graduated
000184,2020–2021,2020,12,A,11A,,graduated
000185,2020–2021,2020,12,A,11A,,graduated
000186,2020–2021,2020,12,A,11A,,graduated
000187,2020–2021,2020,12,A,11A,,graduated
000188,2020–2021,2020,12,A,11A,,graduated
000189,2020–2021,2020,12,A,11A,,graduated
000190,2020–2021,2020,12,A,11A,,graduated
000191,2020–2021,2020,12,A,11A,,graduated
000192,2020–2021,2020,12,A,11A,,graduated
000193,2020–2021,2020,12,A,11A,,graduated
000194,2020–2021,2020,12,A,11A,,graduated
000195,2020–2021,2020,12,A,11A,,graduated
000196,2020–2021,2020,12,B,11B,,graduated
000197,2020–2021,2020,12,B,11B,,graduated
000198,2020–2021,2020,12,B,11B,,graduated
000199,2020–2021,2020,12,B,11B,,graduated
000200,2020–2021,2020,12,B,11B,,graduated
000201,2020–2021,2020,12,B,11B,,graduated
000202,2020–2021,2020,12,B,11B,,graduated
000203,2020–2021,2020,12,B,11B,,graduated
000204,2020–2021,2020,12,B,11B,,graduated
000205,2020–2021,2020,12,B,11B,,graduated
000206,2020–2021,2020,12,B,11B,,graduated
000207,2020–2021,2020,12,B,11B,,graduated
000208,2020–2021,2020,12,B,11B,,graduated
000209,2020–2021,2020,12,B,11B,,graduated
000210,2020–2021,2020,12,B,11B,,graduated
000211,2020–2021,2020,12,C,11C,,graduated
000212,2020–2021,2020,12,C,11C,,graduated
000213,2020–2021,2020,12,C,11C,,graduated
000214,2020–2021,2020,12,C,11C,,graduated
000215,2020–2021,2020,12,C,11C,,graduated
000216,2020–2021,2020,12,C,11C,,graduated
000217,2020–2021,2020,12,C,11C,,graduated
000218,2020–2021,2020,12,C,11C,,graduated
000219,2020–2021,2020,12,C,11C,,graduated
000220,2020–2021,2020,12,C,11C,,graduated
000221,2020–2021,2020,12,C,11C,,graduated
000222,2020–2021,2020,12,C,11C,,graduated
000223,2020–2021,2020,12,C,11C,,graduated
000224,2020–2021,2020,12,C,11C,,graduated
000225,2020–2021,2020,12,C,11C,,graduated
000271,2020–2021,2020,7,A,7A,8.0,new
000272,2020–2021,2020,7,A,7A,8.0,new
000273,2020–2021,2020,7,A,7A,8.0,new
000274,2020–2021,2020,7,A,7A,8.0,new
000275,2020–2021,2020,7,A,7A,8.0,new
000276,2020–2021,2020,7,A,7A,8.0,new
000277,2020–2021,2020,7,A,7A,8.0,new
000278,2020–2021,2020,7,A,7A,8.0,new
000279,2020–2021,2020,7,A,7A,8.0,new
000280,2020–2021,2020,7,A,7A,8.0,new
000281,2020–2021,2020,7,A,7A,8.0,new
000282,2020–2021,2020,7,A,7A,8.0,new
000283,2020–2021,2020,7,A,7A,8.0,new
000284,2020–2021,2020,7,A,7A,8.0,new
000285,2020–2021,2020,7,A,7A,8.0,new
000286,2020–2021,2020,7,B,7B,8.0,new
000287,2020–2021,2020,7,B,7B,8.0,new
000288,2020–2021,2020,7,B,7B,8.0,new
000289,2020–2021,2020,7,B,7B,8.0,new
000290,2020–2021,2020,7,B,7B,8.0,new
000291,2020–2021,2020,7,B,7B,8.0,new
000292,2020–2021,2020,7,B,7B,8.0,new
000293,2020–2021,2020,7,B,7B,8.0,new
000294,2020–2021,2020,7,B,7B,8.0,new
000295,2020–2021,2020,7,B,7B,8.0,new
000296,2020–2021,2020,7,B,7B,8.0,new
000297,2020–2021,2020,7,B,7B,8.0,new
000298,2020–2021,2020,7,B,7B,8.0,new
000299,2020–2021,2020,7,B,7B,8.0,new
000300,2020–2021,2020,7,B,7B,8.0,new
000301,2020–2021,2020,7,C,7C,8.0,new
000302,2020–2021,2020,7,C,7C,8.0,new
000303,2020–2021,2020,7,C,7C,8.0,new
000304,2020–2021,2020,7,C,7C,8.0,new
000305,2020–2021,2020,7,C,7C,8.0,new
000306,2020–2021,2020,7,C,7C,8.0,new
000307,2020–2021,2020,7,C,7C,8.0,new
000308,2020–2021,2020,7,C,7C,8.0,new
000309,2020–2021,2020,7,C,7C,8.0,new
000310,2020–2021,2020,7,C,7C,8.0,new
000311,2020–2021,2020,7,C,7C,8.0,new
000312,2020–2021,2020,7,C,7C,8.0,new
000313,2020–2021,2020,7,C,7C,8.0,new
000314,2020–2021,2020,7,C,7C,8.0,new
000315,2020–2021,2020,7,C,7C,8.0,new
000001,2021–2022,2021,9,A,7A,10.0,active
000002,2021–2022,2021,9,A,7A,10.0,active
000003,2021–2022,2021,9,A,7A,10.0,active
000004,2021–2022,2021,9,A,7A,10.0,active
000005,2021–2022,2021,9,A,7A,10.0,active
000006,2021–2022,2021,9,A,7A,10.0,active
000007,2021–2022,2021,9,A,7A,10.0,active
000008,2021–2022,2021,9,A,7A,10.0,active
000009,2021–2022,2021,9,A,7A,10.0,active
000010,2021–2022,2021,9,A,7A,10.0,active
000011,2021–2022,2021,9,A,7A,10.0,active
000012,2021–2022,2021,9,A,7A,10.0,active
000013,2021–2022,2021,9,A,7A,10.0,active
000014,2021–2022,2021,9,A,7A,10.0,active
000015,2021–2022,2021,9,A,7A,10.0,active
000016,2021–2022,2021,9,B,7B,10.0,active
000017,2021–2022,2021,9,B,7B,10.0,active
000018,2021–2022,2021,9,B,7B,10.0,active
000019,2021–2022,2021,9,B,7B,10.0,active
000020,2021–2022,2021,9,B,7B,10.0,active
000021,2021–2022,2021,9,B,7B,10.0,active
000022,2021–2022,2021,9,B,7B,10.0,active
000023,2021–2022,2021,9,B,7B,10.0,active
000024,2021–2022,2021,9,B,7B,10.0,active
000025,2021–2022,2021,9,B,7B,10.0,active
000026,2021–2022,2021,9,B,7B,10.0,active
000027,2021–2022,2021,9,B,7B,10.0,active
000028,2021–2022,2021,9,B,7B,10.0,active
000029,2021–2022,2021,9,B,7B,10.0,active
000030,2021–2022,2021,9,B,7B,10.0,active
000031,2021–2022,2021,9,C,7C,10.0,active
000032,2021–2022,2021,9,C,7C,10.0,active
000033,2021–2022,2021,9,C,7C,10.0,active
000034,2021–2022,2021,9,C,7C,10.0,active
000035,2021–2022,2021,9,C,7C,10.0,active
000036,2021–2022,2021,9,C,7C,10.0,active
000037,2021–2022,2021,9,C,7C,10.0,active
000038,2021–2022,2021,9,C,7C,10.0,active
000039,2021–2022,2021,9,C,7C,10.0,active
000040,2021–2022,2021,9,C,7C,10.0,active
000041,2021–2022,2021,9,C,7C,10.0,active
000042,2021–2022,2021,9,C,7C,10.0,active
000043,2021–2022,2021,9,C,7C,10.0,active
000044,2021–2022,2021,9,C,7C,10.0,active
000045,2021–2022,2021,9,C,7C,10.0,active
000046,2021–2022,2021,10,A,8A,11.0,active
000047,2021–2022,2021,10,A,8A,11.0,active
000048,2021–2022,2021,10,A,8A,11.0,active
000049,2021–2022,2021,10,A,8A,11.0,active
000050,2021–2022,2021,10,A,8A,11.0,active
000051,2021–2022,2021,10,A,8A,11.0,active
000052,2021–2022,2021,10,A,8A,11.0,active
000053,2021–2022,2021,10,A,8A,11.0,active
000054,2021–2022,2021,10,A,8A,11.0,active
000055,2021–2022,2021,10,A,8A,11.0,active
000056,2021–2022,2021,10,A,8A,11.0,active
000057,2021–2022,2021,10,A,8A,11.0,active
000058,2021–2022,2021,10,A,8A,11.0,active
000059,2021–2022,2021,10,A,8A,11.0,active
000060,2021–2022,2021,10,A,8A,11.0,active
000061,2021–2022,2021,10,B,8B,11.0,active
000062,2021–2022,2021,10,B,8B,11.0,active
000063,2021–2022,2021,10,B,8B,11.0,active
000064,2021–2022,2021,10,B,8B,11.0,active
000065,2021–2022,2021,10,B,8B,11.0,active
000066,2021–2022,2021,10,B,8B,11.0,active
000067,2021–2022,2021,10,B,8B,11.0,active
000068,2021–2022,2021,10,B,8B,11.0,active
000069,2021–2022,2021,10,B,8B,11.0,active
000070,2021–2022,2021,10,B,8B,11.0,active
000071,2021–2022,2021,10,B,8B,11.0,active
000072,2021–2022,2021,10,B,8B,11.0,active
000073,2021–2022,2021,10,B,8B,11.0,active
000074,2021–2022,2021,10,B,8B,11.0,active
000075,2021–2022,2021,10,B,8B,11.0,active
000076,2021–2022,2021,10,C,8C,11.0,active
000077,2021–2022,2021,10,C,8C,11.0,active
000078,2021–2022,2021,10,C,8C,11.0,active
000079,2021–2022,2021,10,C,8C,11.0,active
000080,2021–2022,2021,10,C,8C,11.0,active
000081,2021–2022,2021,10,C,8C,11.0,active
000082,2021–2022,2021,10,C,8C,11.0,active
000083,2021–2022,2021,10,C,8C,11.0,active
000084,2021–2022,2021,10,C,8C,11.0,active
000085,2021–2022,2021,10,C,8C,11.0,active
000086,2021–2022,2021,10,C,8C,11.0,active
000087,2021–2022,2021,10,C,8C,11.0,active
000088,2021–2022,2021,10,C,8C,11.0,active
000089,2021–2022,2021,10,C,8C,11.0,active
000090,2021–2022,2021,10,C,8C,11.0,active
000091,2021–2022,2021,11,A,9A,12.0,active
000092,2021–2022,2021,11,A,9A,12.0,active
000093,2021–2022,2021,11,A,9A,12.0,active
000094,2021–2022,2021,11,A,9A,12.0,active
000095,2021–2022,2021,11,A,9A,12.0,active
000096,2021–2022,2021,11,A,9A,12.0,active
000097,2021–2022,2021,11,A,9A,12.0,active
000098,2021–2022,2021,11,A,9A,12.0,active
000099,2021–2022,2021,11,A,9A,12.0,active
000100,2021–2022,2021,11,A,9A,12.0,active
000101,2021–2022,2021,11,A,9A,12.0,active
000102,2021–2022,2021,11,A,9A,12.0,active
000103,2021–2022,2021,11,A,9A,12.0,active
000104,2021–2022,2021,11,A,9A,12.0,active
000105,2021–2022,2021,11,A,9A,12.0,active
000106,2021–2022,2021,11,B,9B,12.0,active
000107,2021–2022,2021,11,B,9B,12.0,active
000108,2021–2022,2021,11,B,9B,12.0,active
000109,2021–2022,2021,11,B,9B,12.0,active
000110,2021–2022,2021,11,B,9B,12.0,active
000111,2021–2022,2021,11,B,9B,12.0,active
000112,2021–2022,2021,11,B,9B,12.0,active
000113,2021–2022,2021,11,B,9B,12.0,active
000114,2021–2022,2021,11,B,9B,12.0,active
000115,2021–2022,2021,11,B,9B,12.0,active
000116,2021–2022,2021,11,B,9B,12.0,active
000117,2021–2022,2021,11,B,9B,12.0,active
000118,2021–2022,2021,11,B,9B,12.0,active
000119,2021–2022,2021,11,B,9B,12.0,active
000120,2021–2022,2021,11,B,9B,12.0,active
000121,2021–2022,2021,11,C,9C,12.0,active
000122,2021–2022,2021,11,C,9C,12.0,active
000123,2021–2022,2021,11,C,9C,12.0,active
000124,2021–2022,2021,11,C,9C,12.0,active
000125,2021–2022,2021,11,C,9C,12.0,active
000126,2021–2022,2021,11,C,9C,12.0,active
000127,2021–2022,2021,11,C,9C,12.0,active
000128,2021–2022,2021,11,C,9C,12.0,active
000129,2021–2022,2021,11,C,9C,12.0,active
000130,2021–2022,2021,11,C,9C,12.0,active
000131,2021–2022,2021,11,C,9C,12.0,active
000132,2021–2022,2021,11,C,9C,12.0,active
000133,2021–2022,2021,11,C,9C,12.0,active
000134,2021–2022,2021,11,C,9C,12.0,active
000135,2021–2022,2021,11,C,9C,12.0,active
000136,2021–2022,2021,12,A,10A,,graduated
000137,2021–2022,2021,12,A,10A,,graduated
000138,2021–2022,2021,12,A,10A,,graduated
000139,2021–2022,2021,12,A,10A,,graduated
000140,2021–2022,2021,12,A,10A,,graduated
000141,2021–2022,2021,12,A,10A,,graduated
000142,2021–2022,2021,12,A,10A,,graduated
000143,2021–2022,2021,12,A,10A,,graduated
000144,2021–2022,2021,12,A,10A,,graduated
000145,2021–2022,2021,12,A,10A,,graduated
000146,2021–2022,2021,12,A,10A,,graduated
000147,2021–2022,2021,12,A,10A,,graduated
000148,2021–2022,2021,12,A,10A,,graduated
000149,2021–2022,2021,12,A,10A,,graduated
000150,2021–2022,2021,12,A,10A,,graduated
000151,2021–2022,2021,12,B,10B,,graduated
000152,2021–2022,2021,12,B,10B,,graduated
000153,2021–2022,2021,12,B,10B,,graduated
000154,2021–2022,2021,12,B,10B,,graduated
000155,2021–2022,2021,12,B,10B,,graduated
000156,2021–2022,2021,12,B,10B,,graduated
000157,2021–2022,2021,12,B,10B,,graduated
000158,2021–2022,2021,12,B,10B,,graduated
000159,2021–2022,2021,12,B,10B,,graduated
000160,2021–2022,2021,12,B,10B,,graduated
000161,2021–2022,2021,12,B,10B,,graduated
000162,2021–2022,2021,12,B,10B,,graduated
000163,2021–2022,2021,12,B,10B,,graduated
000164,2021–2022,2021,12,B,10B,,graduated
000165,2021–2022,2021,12,B,10B,,graduated
000166,2021–2022,2021,12,C,10C,,graduated
000167,2021–2022,2021,12,C,10C,,graduated
000168,2021–2022,2021,12,C,10C,,graduated
000169,2021–2022,2021,12,C,10C,,graduated
000170,2021–2022,2021,12,C,10C,,graduated
000171,2021–2022,2021,12,C,10C,,graduated
000172,2021–2022,2021,12,C,10C,,graduated
000173,2021–2022,2021,12,C,10C,,graduated
000174,2021–2022,2021,12,C,10C,,graduated
000175,2021–2022,2021,12,C,10C,,graduated
000176,2021–2022,2021,12,C,10C,,graduated
000177,2021–2022,2021,12,C,10C,,graduated
000178,2021–2022,2021,12,C,10C,,graduated
000179,2021–2022,2021,12,C,10C,,graduated
000180,2021–2022,2021,12,C,10C,,graduated
000271,2021–2022,2021,8,A,7A,9.0,active
000272,2021–2022,2021,8,A,7A,9.0,active
000273,2021–2022,2021,8,A,7A,9.0,active
000274,2021–2022,2021,8,A,7A,9.0,active
000275,2021–2022,2021,8,A,7A,9.0,active
000276,2021–2022,2021,8,A,7A,9.0,active
000277,2021–2022,2021,8,A,7A,9.0,active
000278,2021–2022,2021,8,A,7A,9.0,active
000279,2021–2022,2021,8,A,7A,9.0,active
000280,2021–2022,2021,8,A,7A,9.0,active
000281,2021–2022,2021,8,A,7A,9.0,active
000282,2021–2022,2021,8,A,7A,9.0,active
000283,2021–2022,2021,8,A,7A,9.0,active
000284,2021–2022,2021,8,A,7A,9.0,active
000285,2021–2022,2021,8,A,7A,9.0,active
000286,2021–2022,2021,8,B,7B,9.0,active
000287,2021–2022,2021,8,B,7B,9.0,active
000288,2021–2022,2021,8,B,7B,9.0,active
000289,2021–2022,2021,8,B,7B,9.0,active
000290,2021–2022,2021,8,B,7B,9.0,active
000291,2021–2022,2021,8,B,7B,9.0,active
000292,2021–2022,2021,8,B,7B,9.0,active
000293,2021–2022,2021,8,B,7B,9.0,active
000294,2021–2022,2021,8,B,7B,9.0,active
000295,2021–2022,2021,8,B,7B,9.0,active
000296,2021–2022,2021,8,B,7B,9.0,active
000297,2021–2022,2021,8,B,7B,9.0,active
000298,2021–2022,2021,8,B,7B,9.0,active
000299,2021–2022,2021,8,B,7B,9.0,active
000300,2021–2022,2021,8,B,7B,9.0,active
000301,2021–2022,2021,8,C,7C,9.0,active
000302,2021–2022,2021,8,C,7C,9.0,active
000303,2021–2022,2021,8,C,7C,9.0,active
000304,2021–2022,2021,8,C,7C,9.0,active
000305,2021–2022,2021,8,C,7C,9.0,active
000306,2021–2022,2021,8,C,7C,9.0,active
000307,2021–2022,2021,8,C,7C,9.0,active
000308,2021–2022,2021,8,C,7C,9.0,active
000309,2021–2022,2021,8,C,7C,9.0,active
000310,2021–2022,2021,8,C,7C,9.0,active
000311,2021–2022,2021,8,C,7C,9.0,active
000312,2021–2022,2021,8,C,7C,9.0,active
000313,2021–2022,2021,8,C,7C,9.0,active
000314,2021–2022,2021,8,C,7C,9.0,active
000315,2021–2022,2021,8,C,7C,9.0,active
000316,2021–2022,2021,7,A,7A,8.0,new
000317,2021–2022,2021,7,A,7A,8.0,new
000318,2021–2022,2021,7,A,7A,8.0,new
000319,2021–2022,2021,7,A,7A,8.0,new
000320,2021–2022,2021,7,A,7A,8.0,new
000321,2021–2022,2021,7,A,7A,8.0,new
000322,2021–2022,2021,7,A,7A,8.0,new
000323,2021–2022,2021,7,A,7A,8.0,new
000324,2021–2022,2021,7,A,7A,8.0,new
000325,2021–2022,2021,7,A,7A,8.0,new
000326,2021–2022,2021,7,A,7A,8.0,new
000327,2021–2022,2021,7,A,7A,8.0,new
000328,2021–2022,2021,7,A,7A,8.0,new
000329,2021–2022,2021,7,A,7A,8.0,new
000330,2021–2022,2021,7,A,7A,8.0,new
000331,2021–2022,2021,7,B,7B,8.0,new
000332,2021–2022,2021,7,B,7B,8.0,new
000333,2021–2022,2021,7,B,7B,8.0,new
000334,2021–2022,2021,7,B,7B,8.0,new
000335,2021–2022,2021,7,B,7B,8.0,new
000336,2021–2022,2021,7,B,7B,8.0,new
000337,2021–2022,2021,7,B,7B,8.0,new
000338,2021–2022,2021,7,B,7B,8.0,new
000339,2021–2022,2021,7,B,7B,8.0,new
000340,2021–2022,2021,7,B,7B,8.0,new
000341,2021–2022,2021,7,B,7B,8.0,new
000342,2021–2022,2021,7,B,7B,8.0,new
000343,2021–2022,2021,7,B,7B,8.0,new
000344,2021–2022,2021,7,B,7B,8.0,new
000345,2021–2022,2021,7,B,7B,8.0,new
000346,2021–2022,2021,7,C,7C,8.0,new
000347,2021–2022,2021,7,C,7C,8.0,new
000348,2021–2022,2021,7,C,7C,8.0,new
000349,2021–2022,2021,7,C,7C,8.0,new
000350,2021–2022,2021,7,C,7C,8.0,new
000351,2021–2022,2021,7,C,7C,8.0,new
000352,2021–2022,2021,7,C,7C,8.0,new
000353,2021–2022,2021,7,C,7C,8.0,new
000354,2021–2022,2021,7,C,7C,8.0,new
000355,2021–2022,2021,7,C,7C,8.0,new
000356,2021–2022,2021,7,C,7C,8.0,new
000357,2021–2022,2021,7,C,7C,8.0,new
000358,2021–2022,2021,7,C,7C,8.0,new
000359,2021–2022,2021,7,C,7C,8.0,new
000360,2021–2022,2021,7,C,7C,8.0,new
000001,2022–2023,2022,10,A,7A,11.0,active
000002,2022–2023,2022,10,A,7A,11.0,active
000003,2022–2023,2022,10,A,7A,11.0,active
000004,2022–2023,2022,10,A,7A,11.0,active
000005,2022–2023,2022,10,A,7A,11.0,active
000006,2022–2023,2022,10,A,7A,11.0,active
000007,2022–2023,2022,10,A,7A,11.0,active
000008,2022–2023,2022,10,A,7A,11.0,active
000009,2022–2023,2022,10,A,7A,11.0,active
000010,2022–2023,2022,10,A,7A,11.0,active
000011,2022–2023,2022,10,A,7A,11.0,active
000012,2022–2023,2022,10,A,7A,11.0,active
000013,2022–2023,2022,10,A,7A,11.0,active
000014,2022–2023,2022,10,A,7A,11.0,active
000015,2022–2023,2022,10,A,7A,11.0,active
000016,2022–2023,2022,10,B,7B,11.0,active
000017,2022–2023,2022,10,B,7B,11.0,active
000018,2022–2023,2022,10,B,7B,11.0,active
000019,2022–2023,2022,10,B,7B,11.0,active
000020,2022–2023,2022,10,B,7B,11.0,active
000021,2022–2023,2022,10,B,7B,11.0,active
000022,2022–2023,2022,10,B,7B,11.0,active
000023,2022–2023,2022,10,B,7B,11.0,active
000024,2022–2023,2022,10,B,7B,11.0,active
000025,2022–2023,2022,10,B,7B,11.0,active
000026,2022–2023,2022,10,B,7B,11.0,active
000027,2022–2023,2022,10,B,7B,11.0,active
000028,2022–2023,2022,10,B,7B,11.0,active
000029,2022–2023,2022,10,B,7B,11.0,active
000030,2022–2023,2022,10,B,7B,11.0,active
000031,2022–2023,2022,10,C,7C,11.0,active
000032,2022–2023,2022,10,C,7C,11.0,active
000033,2022–2023,2022,10,C,7C,11.0,active
000034,2022–2023,2022,10,C,7C,11.0,active
000035,2022–2023,2022,10,C,7C,11.0,active
000036,2022–2023,2022,10,C,7C,11.0,active
000037,2022–2023,2022,10,C,7C,11.0,active
000038,2022–2023,2022,10,C,7C,11.0,active
000039,2022–2023,2022,10,C,7C,11.0,active
000040,2022–2023,2022,10,C,7C,11.0,active
000041,2022–2023,2022,10,C,7C,11.0,active
000042,2022–2023,2022,10,C,7C,11.0,active
000043,2022–2023,2022,10,C,7C,11.0,active
000044,2022–2023,2022,10,C,7C,11.0,active
000045,2022–2023,2022,10,C,7C,11.0,active
000046,2022–2023,2022,11,A,8A,12.0,active
000047,2022–2023,2022,11,A,8A,12.0,active
000048,2022–2023,2022,11,A,8A,12.0,active
000049,2022–2023,2022,11,A,8A,12.0,active
000050,2022–2023,2022,11,A,8A,12.0,active
000051,2022–2023,2022,11,A,8A,12.0,active
000052,2022–2023,2022,11,A,8A,12.0,active
000053,2022–2023,2022,11,A,8A,12.0,active
000054,2022–2023,2022,11,A,8A,12.0,active
000055,2022–2023,2022,11,A,8A,12.0,active
000056,2022–2023,2022,11,A,8A,12.0,active
000057,2022–2023,2022,11,A,8A,12.0,active
000058,2022–2023,2022,11,A,8A,12.0,active
000059,2022–2023,2022,11,A,8A,12.0,active
000060,2022–2023,2022,11,A,8A,12.0,active
000061,2022–2023,2022,11,B,8B,12.0,active
000062,2022–2023,2022,11,B,8B,12.0,active
000063,2022–2023,2022,11,B,8B,12.0,active
000064,2022–2023,2022,11,B,8B,12.0,active
000065,2022–2023,2022,11,B,8B,12.0,active
000066,2022–2023,2022,11,B,8B,12.0,active
000067,2022–2023,2022,11,B,8B,12.0,active
000068,2022–2023,2022,11,B,8B,12.0,active
000069,2022–2023,2022,11,B,8B,12.0,active
000070,2022–2023,2022,11,B,8B,12.0,active
000071,2022–2023,2022,11,B,8B,12.0,active
000072,2022–2023,2022,11,B,8B,12.0,active
000073,2022–2023,2022,11,B,8B,12.0,active
000074,2022–2023,2022,11,B,8B,12.0,active
000075,2022–2023,2022,11,B,8B,12.0,active
000076,2022–2023,2022,11,C,8C,12.0,active
000077,2022–2023,2022,11,C,8C,12.0,active
000078,2022–2023,2022,11,C,8C,12.0,active
000079,2022–2023,2022,11,C,8C,12.0,active
000080,2022–2023,2022,11,C,8C,12.0,active
000081,2022–2023,2022,11,C,8C,12.0,active
000082,2022–2023,2022,11,C,8C,12.0,active
000083,2022–2023,2022,11,C,8C,12.0,active
000084,2022–2023,2022,11,C,8C,12.0,active
000085,2022–2023,2022,11,C,8C,12.0,active
000086,2022–2023,2022,11,C,8C,12.0,active
000087,2022–2023,2022,11,C,8C,12.0,active
000088,2022–2023,2022,11,C,8C,12.0,active
000089,2022–2023,2022,11,C,8C,12.0,active
000090,2022–2023,2022,11,C,8C,12.0,active
000091,2022–2023,2022,12,A,9A,,graduated
000092,2022–2023,2022,12,A,9A,,graduated
000093,2022–2023,2022,12,A,9A,,graduated
000094,2022–2023,2022,12,A,9A,,graduated
000095,2022–2023,2022,12,A,9A,,graduated
000096,2022–2023,2022,12,A,9A,,graduated
000097,2022–2023,2022,12,A,9A,,graduated
000098,2022–2023,2022,12,A,9A,,graduated
000099,2022–2023,2022,12,A,9A,,graduated
000100,2022–2023,2022,12,A,9A,,graduated
000101,2022–2023,2022,12,A,9A,,graduated
000102,2022–2023,2022,12,A,9A,,graduated
000103,2022–2023,2022,12,A,9A,,graduated
000104,2022–2023,2022,12,A,9A,,graduated
000105,2022–2023,2022,12,A,9A,,graduated
000106,2022–2023,2022,12,B,9B,,graduated
000107,2022–2023,2022,12,B,9B,,graduated
000108,2022–2023,2022,12,B,9B,,graduated
000109,2022–2023,2022,12,B,9B,,graduated
000110,2022–2023,2022,12,B,9B,,graduated
000111,2022–2023,2022,12,B,9B,,graduated
000112,2022–2023,2022,12,B,9B,,graduated
000113,2022–2023,2022,12,B,9B,,graduated
000114,2022–2023,2022,12,B,9B,,graduated
000115,2022–2023,2022,12,B,9B,,graduated
000116,2022–2023,2022,12,B,9B,,graduated
000117,2022–2023,2022,12,B,9B,,graduated
000118,2022–2023,2022,12,B,9B,,graduated
000119,2022–2023,2022,12,B,9B,,graduated
000120,2022–2023,2022,12,B,9B,,graduated
000121,2022–2023,2022,12,C,9C,,graduated
000122,2022–2023,2022,12,C,9C,,graduated
000123,2022–2023,2022,12,C,9C,,graduated
000124,2022–2023,2022,12,C,9C,,graduated
000125,2022–2023,2022,12,C,9C,,graduated
000126,2022–2023,2022,12,C,9C,,graduated
000127,2022–2023,2022,12,C,9C,,graduated
000128,2022–2023,2022,12,C,9C,,graduated
000129,2022–2023,2022,12,C,9C,,graduated
000130,2022–2023,2022,12,C,9C,,graduated
000131,2022–2023,2022,12,C,9C,,graduated
000132,2022–2023,2022,12,C,9C,,graduated
000133,2022–2023,2022,12,C,9C,,graduated
000134,2022–2023,2022,12,C,9C,,graduated
000135,2022–2023,2022,12,C,9C,,graduated
000271,2022–2023,2022,9,A,7A,10.0,active
000272,2022–2023,2022,9,A,7A,10.0,active
000273,2022–2023,2022,9,A,7A,10.0,active
000274,2022–2023,2022,9,A,7A,10.0,active
000275,2022–2023,2022,9,A,7A,10.0,active
000276,2022–2023,2022,9,A,7A,10.0,active
000277,2022–2023,2022,9,A,7A,10.0,active
000278,2022–2023,2022,9,A,7A,10.0,active
000279,2022–2023,2022,9,A,7A,10.0,active
000280,2022–2023,2022,9,A,7A,10.0,active
000281,2022–2023,2022,9,A,7A,10.0,active
000282,2022–2023,2022,9,A,7A,10.0,active
000283,2022–2023,2022,9,A,7A,10.0,active
000284,2022–2023,2022,9,A,7A,10.0,active
000285,2022–2023,2022,9,A,7A,10.0,active
000286,2022–2023,2022,9,B,7B,10.0,active
000287,2022–2023,2022,9,B,7B,10.0,active
000288,2022–2023,2022,9,B,7B,10.0,active
000289,2022–2023,2022,9,B,7B,10.0,active
000290,2022–2023,2022,9,B,7B,10.0,active
000291,2022–2023,2022,9,B,7B,10.0,active
000292,2022–2023,2022,9,B,7B,10.0,active
000293,2022–2023,2022,9,B,7B,10.0,active
000294,2022–2023,2022,9,B,7B,10.0,active
000295,2022–2023,2022,9,B,7B,10.0,active
000296,2022–2023,2022,9,B,7B,10.0,active
000297,2022–2023,2022,9,B,7B,10.0,active
000298,2022–2023,2022,9,B,7B,10.0,active
000299,2022–2023,2022,9,B,7B,10.0,active
000300,2022–2023,2022,9,B,7B,10.0,active
000301,2022–2023,2022,9,C,7C,10.0,active
000302,2022–2023,2022,9,C,7C,10.0,active
000303,2022–2023,2022,9,C,7C,10.0,active
000304,2022–2023,2022,9,C,7C,10.0,active
000305,2022–2023,2022,9,C,7C,10.0,active
000306,2022–2023,2022,9,C,7C,10.0,active
000307,2022–2023,2022,9,C,7C,10.0,active
000308,2022–2023,2022,9,C,7C,10.0,active
000309,2022–2023,2022,9,C,7C,10.0,active
000310,2022–2023,2022,9,C,7C,10.0,active
000311,2022–2023,2022,9,C,7C,10.0,active
000312,2022–2023,2022,9,C,7C,10.0,active
000313,2022–2023,2022,9,C,7C,10.0,active
000314,2022–2023,2022,9,C,7C,10.0,active
000315,2022–2023,2022,9,C,7C,10.0,active
000316,2022–2023,2022,8,A,7A,9.0,active
000317,2022–2023,2022,8,A,7A,9.0,active
000318,2022–2023,2022,8,A,7A,9.0,active
000319,2022–2023,2022,8,A,7A,9.0,active
000320,2022–2023,2022,8,A,7A,9.0,active
000321,2022–2023,2022,8,A,7A,9.0,active
000322,2022–2023,2022,8,A,7A,9.0,active
000323,2022–2023,2022,8,A,7A,9.0,active
000324,2022–2023,2022,8,A,7A,9.0,active
000325,2022–2023,2022,8,A,7A,9.0,active
000326,2022–2023,2022,8,A,7A,9.0,active
000327,2022–2023,2022,8,A,7A,9.0,active
000328,2022–2023,2022,8,A,7A,9.0,active
000329,2022–2023,2022,8,A,7A,9.0,active
000330,2022–2023,2022,8,A,7A,9.0,active
000331,2022–2023,2022,8,B,7B,9.0,active
000332,2022–2023,2022,8,B,7B,9.0,active
000333,2022–2023,2022,8,B,7B,9.0,active
000334,2022–2023,2022,8,B,7B,9.0,active
000335,2022–2023,2022,8,B,7B,9.0,active
000336,2022–2023,2022,8,B,7B,9.0,active
000337,2022–2023,2022,8,B,7B,9.0,active
000338,2022–2023,2022,8,B,7B,9.0,active
000339,2022–2023,2022,8,B,7B,9.0,active
000340,2022–2023,2022,8,B,7B,9.0,active
000341,2022–2023,2022,8,B,7B,9.0,active
000342,2022–2023,2022,8,B,7B,9.0,active
000343,2022–2023,2022,8,B,7B,9.0,active
000344,2022–2023,2022,8,B,7B,9.0,active
000345,2022–2023,2022,8,B,7B,9.0,active
000346,2022–2023,2022,8,C,7C,9.0,active
000347,2022–2023,2022,8,C,7C,9.0,active
000348,2022–2023,2022,8,C,7C,9.0,active
000349,2022–2023,2022,8,C,7C,9.0,active
000350,2022–2023,2022,8,C,7C,9.0,active
000351,2022–2023,2022,8,C,7C,9.0,active
000352,2022–2023,2022,8,C,7C,9.0,active
000353,2022–2023,2022,8,C,7C,9.0,active
000354,2022–2023,2022,8,C,7C,9.0,active
000355,2022–2023,2022,8,C,7C,9.0,active
000356,2022–2023,2022,8,C,7C,9.0,active
000357,2022–2023,2022,8,C,7C,9.0,active
000358,2022–2023,2022,8,C,7C,9.0,active
000359,2022–2023,2022,8,C,7C,9.0,active
000360,2022–2023,2022,8,C,7C,9.0,active
000361,2022–2023,2022,7,A,7A,8.0,new
000362,2022–2023,2022,7,A,7A,8.0,new
000363,2022–2023,2022,7,A,7A,8.0,new
000364,2022–2023,2022,7,A,7A,8.0,new
000365,2022–2023,2022,7,A,7A,8.0,new
000366,2022–2023,2022,7,A,7A,8.0,new
000367,2022–2023,2022,7,A,7A,8.0,new
000368,2022–2023,2022,7,A,7A,8.0,new
000369,2022–2023,2022,7,A,7A,8.0,new
000370,2022–2023,2022,7,A,7A,8.0,new
000371,2022–2023,2022,7,A,7A,8.0,new
000372,2022–2023,2022,7,A,7A,8.0,new
000373,2022–2023,2022,7,A,7A,8.0,new
000374,2022–2023,2022,7,A,7A,8.0,new
000375,2022–2023,2022,7,A,7A,8.0,new
000376,2022–2023,2022,7,B,7B,8.0,new
000377,2022–2023,2022,7,B,7B,8.0,new
000378,2022–2023,2022,7,B,7B,8.0,new
000379,2022–2023,2022,7,B,7B,8.0,new
000380,2022–2023,2022,7,B,7B,8.0,new
000381,2022–2023,2022,7,B,7B,8.0,new
000382,2022–2023,2022,7,B,7B,8.0,new
000383,2022–2023,2022,7,B,7B,8.0,new
000384,2022–2023,2022,7,B,7B,8.0,new
000385,2022–2023,2022,7,B,7B,8.0,new
000386,2022–2023,2022,7,B,7B,8.0,new
000387,2022–2023,2022,7,B,7B,8.0,new
000388,2022–2023,2022,7,B,7B,8.0,new
000389,2022–2023,2022,7,B,7B,8.0,new
000390,2022–2023,2022,7,B,7B,8.0,new
000391,2022–2023,2022,7,C,7C,8.0,new
000392,2022–2023,2022,7,C,7C,8.0,new
000393,2022–2023,2022,7,C,7C,8.0,new
000394,2022–2023,2022,7,C,7C,8.0,new
000395,2022–2023,2022,7,C,7C,8.0,new
000396,2022–2023,2022,7,C,7C,8.0,new
000397,2022–2023,2022,7,C,7C,8.0,new
000398,2022–2023,2022,7,C,7C,8.0,new
000399,2022–2023,2022,7,C,7C,8.0,new
000400,2022–2023,2022,7,C,7C,8.0,new
000401,2022–2023,2022,7,C,7C,8.0,new
000402,2022–2023,2022,7,C,7C,8.0,new
000403,2022–2023,2022,7,C,7C,8.0,new
000404,2022–2023,2022,7,C,7C,8.0,new
000405,2022–2023,2022,7,C,7C,8.0,new
000001,2023–2024,2023,11,A,7A,12.0,active
000002,2023–2024,2023,11,A,7A,12.0,active
000003,2023–2024,2023,11,A,7A,12.0,active
000004,2023–2024,2023,11,A,7A,12.0,active
000005,2023–2024,2023,11,A,7A,12.0,active
000006,2023–2024,2023,11,A,7A,12.0,active
000007,2023–2024,2023,11,A,7A,12.0,active
000008,2023–2024,2023,11,A,7A,12.0,active
000009,2023–2024,2023,11,A,7A,12.0,active
000010,2023–2024,2023,11,A,7A,12.0,active
000011,2023–2024,2023,11,A,7A,12.0,active
000012,2023–2024,2023,11,A,7A,12.0,active
000013,2023–2024,2023,11,A,7A,12.0,active
000014,2023–2024,2023,11,A,7A,12.0,active
000015,2023–2024,2023,11,A,7A,12.0,active
000016,2023–2024,2023,11,B,7B,12.0,active
000017,2023–2024,2023,11,B,7B,12.0,active
000018,2023–2024,2023,11,B,7B,12.0,active
000019,2023–2024,2023,11,B,7B,12.0,active
000020,2023–2024,2023,11,B,7B,12.0,active
000021,2023–2024,2023,11,B,7B,12.0,active
000022,2023–2024,2023,11,B,7B,12.0,active
000023,2023–2024,2023,11,B,7B,12.0,active
000024,2023–2024,2023,11,B,7B,12.0,active
000025,2023–2024,2023,11,B,7B,12.0,active
000026,2023–2024,2023,11,B,7B,12.0,active
000027,2023–2024,2023,11,B,7B,12.0,active
000028,2023–2024,2023,11,B,7B,12.0,active
000029,2023–2024,2023,11,B,7B,12.0,active
000030,2023–2024,2023,11,B,7B,12.0,active
000031,2023–2024,2023,11,C,7C,12.0,active
000032,2023–2024,2023,11,C,7C,12.0,active
000033,2023–2024,2023,11,C,7C,12.0,active
000034,2023–2024,2023,11,C,7C,12.0,active
000035,2023–2024,2023,11,C,7C,12.0,active
000036,2023–2024,2023,11,C,7C,12.0,active
000037,2023–2024,2023,11,C,7C,12.0,active
000038,2023–2024,2023,11,C,7C,12.0,active
000039,2023–2024,2023,11,C,7C,12.0,active
000040,2023–2024,2023,11,C,7C,12.0,active
000041,2023–2024,2023,11,C,7C,12.0,active
000042,2023–2024,2023,11,C,7C,12.0,active
000043,2023–2024,2023,11,C,7C,12.0,active
000044,2023–2024,2023,11,C,7C,12.0,active
000045,2023–2024,2023,11,C,7C,12.0,active
000046,2023–2024,2023,12,A,8A,,graduated
000047,2023–2024,2023,12,A,8A,,graduated
000048,2023–2024,2023,12,A,8A,,graduated
000049,2023–2024,2023,12,A,8A,,graduated
000050,2023–2024,2023,12,A,8A,,graduated
000051,2023–2024,2023,12,A,8A,,graduated
000052,2023–2024,2023,12,A,8A,,graduated
000053,2023–2024,2023,12,A,8A,,graduated
000054,2023–2024,2023,12,A,8A,,graduated
000055,2023–2024,2023,12,A,8A,,graduated
000056,2023–2024,2023,12,A,8A,,graduated
000057,2023–2024,2023,12,A,8A,,graduated
000058,2023–2024,2023,12,A,8A,,graduated
000059,2023–2024,2023,12,A,8A,,graduated
000060,2023–2024,2023,12,A,8A,,graduated
000061,2023–2024,2023,12,B,8B,,graduated
000062,2023–2024,2023,12,B,8B,,graduated
000063,2023–2024,2023,12,B,8B,,graduated
000064,2023–2024,2023,12,B,8B,,graduated
000065,2023–2024,2023,12,B,8B,,graduated
000066,2023–2024,2023,12,B,8B,,graduated
000067,2023–2024,2023,12,B,8B,,graduated
000068,2023–2024,2023,12,B,8B,,graduated
000069,2023–2024,2023,12,B,8B,,graduated
000070,2023–2024,2023,12,B,8B,,graduated
000071,2023–2024,2023,12,B,8B,,graduated
000072,2023–2024,2023,12,B,8B,,graduated
000073,2023–2024,2023,12,B,8B,,graduated
000074,2023–2024,2023,12,B,8B,,graduated
000075,2023–2024,2023,12,B,8B,,graduated
000076,2023–2024,2023,12,C,8C,,graduated
000077,2023–2024,2023,12,C,8C,,graduated
000078,2023–2024,2023,12,C,8C,,graduated
000079,2023–2024,2023,12,C,8C,,graduated
000080,2023–2024,2023,12,C,8C,,graduated
000081,2023–2024,2023,12,C,8C,,graduated
000082,2023–2024,2023,12,C,8C,,graduated
000083,2023–2024,2023,12,C,8C,,graduated
000084,2023–2024,2023,12,C,8C,,graduated
000085,2023–2024,2023,12,C,8C,,graduated
000086,2023–2024,2023,12,C,8C,,graduated
000087,2023–2024,2023,12,C,8C,,graduated
000088,2023–2024,2023,12,C,8C,,graduated
000089,2023–2024,2023,12,C,8C,,graduated
000090,2023–2024,2023,12,C,8C,,graduated
000271,2023–2024,2023,10,A,7A,11.0,active
000272,2023–2024,2023,10,A,7A,11.0,active
000273,2023–2024,2023,10,A,7A,11.0,active
000274,2023–2024,2023,10,A,7A,11.0,active
000275,2023–2024,2023,10,A,7A,11.0,active
000276,2023–2024,2023,10,A,7A,11.0,active
000277,2023–2024,2023,10,A,7A,11.0,active
000278,2023–2024,2023,10,A,7A,11.0,active
000279,2023–2024,2023,10,A,7A,11.0,active
000280,2023–2024,2023,10,A,7A,11.0,active
000281,2023–2024,2023,10,A,7A,11.0,active
000282,2023–2024,2023,10,A,7A,11.0,active
000283,2023–2024,2023,10,A,7A,11.0,active
000284,2023–2024,2023,10,A,7A,11.0,active
000285,2023–2024,2023,10,A,7A,11.0,active
000286,2023–2024,2023,10,B,7B,11.0,active
000287,2023–2024,2023,10,B,7B,11.0,active
000288,2023–2024,2023,10,B,7B,11.0,active
000289,2023–2024,2023,10,B,7B,11.0,active
000290,2023–2024,2023,10,B,7B,11.0,active
000291,2023–2024,2023,10,B,7B,11.0,active
000292,2023–2024,2023,10,B,7B,11.0,active
000293,2023–2024,2023,10,B,7B,11.0,active
000294,2023–2024,2023,10,B,7B,11.0,active
000295,2023–2024,2023,10,B,7B,11.0,active
000296,2023–2024,2023,10,B,7B,11.0,active
000297,2023–2024,2023,10,B,7B,11.0,active
000298,2023–2024,2023,10,B,7B,11.0,active
000299,2023–2024,2023,10,B,7B,11.0,active
000300,2023–2024,2023,10,B,7B,11.0,active
000301,2023–2024,2023,10,C,7C,11.0,active
000302,2023–2024,2023,10,C,7C,11.0,active
000303,2023–2024,2023,10,C,7C,11.0,active
000304,2023–2024,2023,10,C,7C,11.0,active
000305,2023–2024,2023,10,C,7C,11.0,active
000306,2023–2024,2023,10,C,7C,11.0,active
000307,2023–2024,2023,10,C,7C,11.0,active
000308,2023–2024,2023,10,C,7C,11.0,active
000309,2023–2024,2023,10,C,7C,11.0,active
000310,2023–2024,2023,10,C,7C,11.0,active
000311,2023–2024,2023,10,C,7C,11.0,active
000312,2023–2024,2023,10,C,7C,11.0,active
000313,2023–2024,2023,10,C,7C,11.0,active
000314,2023–2024,2023,10,C,7C,11.0,active
000315,2023–2024,2023,10,C,7C,11.0,active
000316,2023–2024,2023,9,A,7A,10.0,active
000317,2023–2024,2023,9,A,7A,10.0,active
000318,2023–2024,2023,9,A,7A,10.0,active
000319,2023–2024,2023,9,A,7A,10.0,active
000320,2023–2024,2023,9,A,7A,10.0,active
000321,2023–2024,2023,9,A,7A,10.0,active
000322,2023–2024,2023,9,A,7A,10.0,active
000323,2023–2024,2023,9,A,7A,10.0,active
000324,2023–2024,2023,9,A,7A,10.0,active
000325,2023–2024,2023,9,A,7A,10.0,active
000326,2023–2024,2023,9,A,7A,10.0,active
000327,2023–2024,2023,9,A,7A,10.0,active
000328,2023–2024,2023,9,A,7A,10.0,active
000329,2023–2024,2023,9,A,7A,10.0,active
000330,2023–2024,2023,9,A,7A,10.0,active
000331,2023–2024,2023,9,B,7B,10.0,active
000332,2023–2024,2023,9,B,7B,10.0,active
000333,2023–2024,2023,9,B,7B,10.0,active
000334,2023–2024,2023,9,B,7B,10.0,active
000335,2023–2024,2023,9,B,7B,10.0,active
000336,2023–2024,2023,9,B,7B,10.0,active
000337,2023–2024,2023,9,B,7B,10.0,active
000338,2023–2024,2023,9,B,7B,10.0,active
000339,2023–2024,2023,9,B,7B,10.0,active
000340,2023–2024,2023,9,B,7B,10.0,active
000341,2023–2024,2023,9,B,7B,10.0,active
000342,2023–2024,2023,9,B,7B,10.0,active
000343,2023–2024,2023,9,B,7B,10.0,active
000344,2023–2024,2023,9,B,7B,10.0,active
000345,2023–2024,2023,9,B,7B,10.0,active
000346,2023–2024,2023,9,C,7C,10.0,active
000347,2023–2024,2023,9,C,7C,10.0,active
000348,2023–2024,2023,9,C,7C,10.0,active
000349,2023–2024,2023,9,C,7C,10.0,active
000350,2023–2024,2023,9,C,7C,10.0,active
000351,2023–2024,2023,9,C,7C,10.0,active
000352,2023–2024,2023,9,C,7C,10.0,active
000353,2023–2024,2023,9,C,7C,10.0,active
000354,2023–2024,2023,9,C,7C,10.0,active
000355,2023–2024,2023,9,C,7C,10.0,active
000356,2023–2024,2023,9,C,7C,10.0,active
000357,2023–2024,2023,9,C,7C,10.0,active
000358,2023–2024,2023,9,C,7C,10.0,active
000359,2023–2024,2023,9,C,7C,10.0,active
000360,2023–2024,2023,9,C,7C,10.0,active
000361,2023–2024,2023,8,A,7A,9.0,active
000362,2023–2024,2023,8,A,7A,9.0,active
000363,2023–2024,2023,8,A,7A,9.0,active
000364,2023–2024,2023,8,A,7A,9.0,active
000365,2023–2024,2023,8,A,7A,9.0,active
000366,2023–2024,2023,8,A,7A,9.0,active
000367,2023–2024,2023,8,A,7A,9.0,active
000368,2023–2024,2023,8,A,7A,9.0,active
000369,2023–2024,2023,8,A,7A,9.0,active
000370,2023–2024,2023,8,A,7A,9.0,active
000371,2023–2024,2023,8,A,7A,9.0,active
000372,2023–2024,2023,8,A,7A,9.0,active
000373,2023–2024,2023,8,A,7A,9.0,active
000374,2023–2024,2023,8,A,7A,9.0,active
000375,2023–2024,2023,8,A,7A,9.0,active
000376,2023–2024,2023,8,B,7B,9.0,active
000377,2023–2024,2023,8,B,7B,9.0,active
000378,2023–2024,2023,8,B,7B,9.0,active
000379,2023–2024,2023,8,B,7B,9.0,active
000380,2023–2024,2023,8,B,7B,9.0,active
000381,2023–2024,2023,8,B,7B,9.0,active
000382,2023–2024,2023,8,B,7B,9.0,active
000383,2023–2024,2023,8,B,7B,9.0,active
000384,2023–2024,2023,8,B,7B,9.0,active
000385,2023–2024,2023,8,B,7B,9.0,active
000386,2023–2024,2023,8,B,7B,9.0,active
000387,2023–2024,2023,8,B,7B,9.0,active
000388,2023–2024,2023,8,B,7B,9.0,active
000389,2023–2024,2023,8,B,7B,9.0,active
000390,2023–2024,2023,8,B,7B,9.0,active
000391,2023–2024,2023,8,C,7C,9.0,active
000392,2023–2024,2023,8,C,7C,9.0,active
000393,2023–2024,2023,8,C,7C,9.0,active
000394,2023–2024,2023,8,C,7C,9.0,active
000395,2023–2024,2023,8,C,7C,9.0,active
000396,2023–2024,2023,8,C,7C,9.0,active
000397,2023–2024,2023,8,C,7C,9.0,active
000398,2023–2024,2023,8,C,7C,9.0,active
000399,2023–2024,2023,8,C,7C,9.0,active
000400,2023–2024,2023,8,C,7C,9.0,active
000401,2023–2024,2023,8,C,7C,9.0,active
000402,2023–2024,2023,8,C,7C,9.0,active
000403,2023–2024,2023,8,C,7C,9.0,active
000404,2023–2024,2023,8,C,7C,9.0,active
000405,2023–2024,2023,8,C,7C,9.0,active
000406,2023–2024,2023,7,A,7A,8.0,new
000407,2023–2024,2023,7,A,7A,8.0,new
000408,2023–2024,2023,7,A,7A,8.0,new
000409,2023–2024,2023,7,A,7A,8.0,new
000410,2023–2024,2023,7,A,7A,8.0,new
000411,2023–2024,2023,7,A,7A,8.0,new
000412,2023–2024,2023,7,A,7A,8.0,new
000413,2023–2024,2023,7,A,7A,8.0,new
000414,2023–2024,2023,7,A,7A,8.0,new
000415,2023–2024,2023,7,A,7A,8.0,new
000416,2023–2024,2023,7,A,7A,8.0,new
000417,2023–2024,2023,7,A,7A,8.0,new
000418,2023–2024,2023,7,A,7A,8.0,new
000419,2023–2024,2023,7,A,7A,8.0,new
000420,2023–2024,2023,7,A,7A,8.0,new
000421,2023–2024,2023,7,B,7B,8.0,new
000422,2023–2024,2023,7,B,7B,8.0,new
000423,2023–2024,2023,7,B,7B,8.0,new
000424,2023–2024,2023,7,B,7B,8.0,new
000425,2023–2024,2023,7,B,7B,8.0,new
000426,2023–2024,2023,7,B,7B,8.0,new
000427,2023–2024,2023,7,B,7B,8.0,new
000428,2023–2024,2023,7,B,7B,8.0,new
000429,2023–2024,2023,7,B,7B,8.0,new
000430,2023–2024,2023,7,B,7B,8.0,new
000431,2023–2024,2023,7,B,7B,8.0,new
000432,2023–2024,2023,7,B,7B,8.0,new
000433,2023–2024,2023,7,B,7B,8.0,new
000434,2023–2024,2023,7,B,7B,8.0,new
000435,2023–2024,2023,7,B,7B,8.0,new
000436,2023–2024,2023,7,C,7C,8.0,new
000437,2023–2024,2023,7,C,7C,8.0,new
000438,2023–2024,2023,7,C,7C,8.0,new
000439,2023–2024,2023,7,C,7C,8.0,new
000440,2023–2024,2023,7,C,7C,8.0,new
000441,2023–2024,2023,7,C,7C,8.0,new
000442,2023–2024,2023,7,C,7C,8.0,new
000443,2023–2024,2023,7,C,7C,8.0,new
000444,2023–2024,2023,7,C,7C,8.0,new
000445,2023–2024,2023,7,C,7C,8.0,new
000446,2023–2024,2023,7,C,7C,8.0,new
000447,2023–2024,2023,7,C,7C,8.0,new
000448,2023–2024,2023,7,C,7C,8.0,new
000449,2023–2024,2023,7,C,7C,8.0,new
000450,2023–2024,2023,7,C,7C,8.0,new
000001,2024–2025,2024,12,A,7A,,graduated
000002,2024–2025,2024,12,A,7A,,graduated
000003,2024–2025,2024,12,A,7A,,graduated
000004,2024–2025,2024,12,A,7A,,graduated
000005,2024–2025,2024,12,A,7A,,graduated
000006,2024–2025,2024,12,A,7A,,graduated
000007,2024–2025,2024,12,A,7A,,graduated
000008,2024–2025,2024,12,A,7A,,graduated
000009,2024–2025,2024,12,A,7A,,graduated
000010,2024–2025,2024,12,A,7A,,graduated
000011,2024–2025,2024,12,A,7A,,graduated
000012,2024–2025,2024,12,A,7A,,graduated
000013,2024–2025,2024,12,A,7A,,graduated
000014,2024–2025,2024,12,A,7A,,graduated
000015,2024–2025,2024,12,A,7A,,graduated
000016,2024–2025,2024,12,B,7B,,graduated
000017,2024–2025,2024,12,B,7B,,graduated
000018,2024–2025,2024,12,B,7B,,graduated
000019,2024–2025,2024,12,B,7B,,graduated
000020,2024–2025,2024,12,B,7B,,graduated
000021,2024–2025,2024,12,B,7B,,graduated
000022,2024–2025,2024,12,B,7B,,graduated
000023,2024–2025,2024,12,B,7B,,graduated
000024,2024–2025,2024,12,B,7B,,graduated
000025,2024–2025,2024,12,B,7B,,graduated
000026,2024–2025,2024,12,B,7B,,graduated
000027,2024–2025,2024,12,B,7B,,graduated
000028,2024–2025,2024,12,B,7B,,graduated
000029,2024–2025,2024,12,B,7B,,graduated
000030,2024–2025,2024,12,B,7B,,graduated
000031,2024–2025,2024,12,C,7C,,graduated
000032,2024–2025,2024,12,C,7C,,graduated
000033,2024–2025,2024,12,C,7C,,graduated
000034,2024–2025,2024,12,C,7C,,graduated
000035,2024–2025,2024,12,C,7C,,graduated
000036,2024–2025,2024,12,C,7C,,graduated
000037,2024–2025,2024,12,C,7C,,graduated
000038,2024–2025,2024,12,C,7C,,graduated
000039,2024–2025,2024,12,C,7C,,graduated
000040,2024–2025,2024,12,C,7C,,graduated
000041,2024–2025,2024,12,C,7C,,graduated
000042,2024–2025,2024,12,C,7C,,graduated
000043,2024–2025,2024,12,C,7C,,graduated
000044,2024–2025,2024,12,C,7C,,graduated
000045,2024–2025,2024,12,C,7C,,graduated
000271,2024–2025,2024,11,A,7A,12.0,active
000272,2024–2025,2024,11,A,7A,12.0,active
000273,2024–2025,2024,11,A,7A,12.0,active
000274,2024–2025,2024,11,A,7A,12.0,active
000275,2024–2025,2024,11,A,7A,12.0,active
000276,2024–2025,2024,11,A,7A,12.0,active
000277,2024–2025,2024,11,A,7A,12.0,active
000278,2024–2025,2024,11,A,7A,12.0,active
000279,2024–2025,2024,11,A,7A,12.0,active
000280,2024–2025,2024,11,A,7A,12.0,active
000281,2024–2025,2024,11,A,7A,12.0,active
000282,2024–2025,2024,11,A,7A,12.0,active
000283,2024–2025,2024,11,A,7A,12.0,active
000284,2024–2025,2024,11,A,7A,12.0,active
000285,2024–2025,2024,11,A,7A,12.0,active
000286,2024–2025,2024,11,B,7B,12.0,active
000287,2024–2025,2024,11,B,7B,12.0,active
000288,2024–2025,2024,11,B,7B,12.0,active
000289,2024–2025,2024,11,B,7B,12.0,active
000290,2024–2025,2024,11,B,7B,12.0,active
000291,2024–2025,2024,11,B,7B,12.0,active
000292,2024–2025,2024,11,B,7B,12.0,active
000293,2024–2025,2024,11,B,7B,12.0,active
000294,2024–2025,2024,11,B,7B,12.0,active
000295,2024–2025,2024,11,B,7B,12.0,active
000296,2024–2025,2024,11,B,7B,12.0,active
000297,2024–2025,2024,11,B,7B,12.0,active
000298,2024–2025,2024,11,B,7B,12.0,active
000299,2024–2025,2024,11,B,7B,12.0,active
000300,2024–2025,2024,11,B,7B,12.0,active
000301,2024–2025,2024,11,C,7C,12.0,active
000302,2024–2025,2024,11,C,7C,12.0,active
000303,2024–2025,2024,11,C,7C,12.0,active
000304,2024–2025,2024,11,C,7C,12.0,active
000305,2024–2025,2024,11,C,7C,12.0,active
000306,2024–2025,2024,11,C,7C,12.0,active
000307,2024–2025,2024,11,C,7C,12.0,active
000308,2024–2025,2024,11,C,7C,12.0,active
000309,2024–2025,2024,11,C,7C,12.0,active
000310,2024–2025,2024,11,C,7C,12.0,active
000311,2024–2025,2024,11,C,7C,12.0,active
000312,2024–2025,2024,11,C,7C,12.0,active
000313,2024–2025,2024,11,C,7C,12.0,active
000314,2024–2025,2024,11,C,7C,12.0,active
000315,2024–2025,2024,11,C,7C,12.0,active
000316,2024–2025,2024,10,A,7A,11.0,active
000317,2024–2025,2024,10,A,7A,11.0,active
000318,2024–2025,2024,10,A,7A,11.0,active
000319,2024–2025,2024,10,A,7A,11.0,active
000320,2024–2025,2024,10,A,7A,11.0,active
000321,2024–2025,2024,10,A,7A,11.0,active
000322,2024–2025,2024,10,A,7A,11.0,active
000323,2024–2025,2024,10,A,7A,11.0,active
000324,2024–2025,2024,10,A,7A,11.0,active
000325,2024–2025,2024,10,A,7A,11.0,active
000326,2024–2025,2024,10,A,7A,11.0,active
000327,2024–2025,2024,10,A,7A,11.0,active
000328,2024–2025,2024,10,A,7A,11.0,active
000329,2024–2025,2024,10,A,7A,11.0,active
000330,2024–2025,2024,10,A,7A,11.0,active
000331,2024–2025,2024,10,B,7B,11.0,active
000332,2024–2025,2024,10,B,7B,11.0,active
000333,2024–2025,2024,10,B,7B,11.0,active
000334,2024–2025,2024,10,B,7B,11.0,active
000335,2024–2025,2024,10,B,7B,11.0,active
000336,2024–2025,2024,10,B,7B,11.0,active
000337,2024–2025,2024,10,B,7B,11.0,active
000338,2024–2025,2024,10,B,7B,11.0,active
000339,2024–2025,2024,10,B,7B,11.0,active
000340,2024–2025,2024,10,B,7B,11.0,active
000341,2024–2025,2024,10,B,7B,11.0,active
000342,2024–2025,2024,10,B,7B,11.0,active
000343,2024–2025,2024,10,B,7B,11.0,active
000344,2024–2025,2024,10,B,7B,11.0,active
000345,2024–2025,2024,10,B,7B,11.0,active
000346,2024–2025,2024,10,C,7C,11.0,active
000347,2024–2025,2024,10,C,7C,11.0,active
000348,2024–2025,2024,10,C,7C,11.0,active
000349,2024–2025,2024,10,C,7C,11.0,active
000350,2024–2025,2024,10,C,7C,11.0,active
000351,2024–2025,2024,10,C,7C,11.0,active
000352,2024–2025,2024,10,C,7C,11.0,active
000353,2024–2025,2024,10,C,7C,11.0,active
000354,2024–2025,2024,10,C,7C,11.0,active
000355,2024–2025,2024,10,C,7C,11.0,active
000356,2024–2025,2024,10,C,7C,11.0,active
000357,2024–2025,2024,10,C,7C,11.0,active
000358,2024–2025,2024,10,C,7C,11.0,active
000359,2024–2025,2024,10,C,7C,11.0,active
000360,2024–2025,2024,10,C,7C,11.0,active
000361,2024–2025,2024,9,A,7A,10.0,active
000362,2024–2025,2024,9,A,7A,10.0,active
000363,2024–2025,2024,9,A,7A,10.0,active
000364,2024–2025,2024,9,A,7A,10.0,active
000365,2024–2025,2024,9,A,7A,10.0,active
000366,2024–2025,2024,9,A,7A,10.0,active
000367,2024–2025,2024,9,A,7A,10.0,active
000368,2024–2025,2024,9,A,7A,10.0,active
000369,2024–2025,2024,9,A,7A,10.0,active
000370,2024–2025,2024,9,A,7A,10.0,active
000371,2024–2025,2024,9,A,7A,10.0,active
000372,2024–2025,2024,9,A,7A,10.0,active
000373,2024–2025,2024,9,A,7A,10.0,active
000374,2024–2025,2024,9,A,7A,10.0,active
000375,2024–2025,2024,9,A,7A,10.0,active
000376,2024–2025,2024,9,B,7B,10.0,active
000377,2024–2025,2024,9,B,7B,10.0,active
000378,2024–2025,2024,9,B,7B,10.0,active
000379,2024–2025,2024,9,B,7B,10.0,active
000380,2024–2025,2024,9,B,7B,10.0,active
000381,2024–2025,2024,9,B,7B,10.0,active
000382,2024–2025,2024,9,B,7B,10.0,active
000383,2024–2025,2024,9,B,7B,10.0,active
000384,2024–2025,2024,9,B,7B,10.0,active
000385,2024–2025,2024,9,B,7B,10.0,active
000386,2024–2025,2024,9,B,7B,10.0,active
000387,2024–2025,2024,9,B,7B,10.0,active
000388,2024–2025,2024,9,B,7B,10.0,active
000389,2024–2025,2024,9,B,7B,10.0,active
000390,2024–2025,2024,9,B,7B,10.0,active
000391,2024–2025,2024,9,C,7C,10.0,active
000392,2024–2025,2024,9,C,7C,10.0,active
000393,2024–2025,2024,9,C,7C,10.0,active
000394,2024–2025,2024,9,C,7C,10.0,active
000395,2024–2025,2024,9,C,7C,10.0,active
000396,2024–2025,2024,9,C,7C,10.0,active
000397,2024–2025,2024,9,C,7C,10.0,active
000398,2024–2025,2024,9,C,7C,10.0,active
000399,2024–2025,2024,9,C,7C,10.0,active
000400,2024–2025,2024,9,C,7C,10.0,active
000401,2024–2025,2024,9,C,7C,10.0,active
000402,2024–2025,2024,9,C,7C,10.0,active
000403,2024–2025,2024,9,C,7C,10.0,active
000404,2024–2025,2024,9,C,7C,10.0,active
000405,2024–2025,2024,9,C,7C,10.0,active
000406,2024–2025,2024,8,A,7A,9.0,active
000407,2024–2025,2024,8,A,7A,9.0,active
000408,2024–2025,2024,8,A,7A,9.0,active
000409,2024–2025,2024,8,A,7A,9.0,active
000410,2024–2025,2024,8,A,7A,9.0,active
000411,2024–2025,2024,8,A,7A,9.0,active
000412,2024–2025,2024,8,A,7A,9.0,active
000413,2024–2025,2024,8,A,7A,9.0,active
000414,2024–2025,2024,8,A,7A,9.0,active
000415,2024–2025,2024,8,A,7A,9.0,active
000416,2024–2025,2024,8,A,7A,9.0,active
000417,2024–2025,2024,8,A,7A,9.0,active
000418,2024–2025,2024,8,A,7A,9.0,active
000419,2024–2025,2024,8,A,7A,9.0,active
000420,2024–2025,2024,8,A,7A,9.0,active
000421,2024–2025,2024,8,B,7B,9.0,active
000422,2024–2025,2024,8,B,7B,9.0,active
000423,2024–2025,2024,8,B,7B,9.0,active
000424,2024–2025,2024,8,B,7B,9.0,active
000425,2024–2025,2024,8,B,7B,9.0,active
000426,2024–2025,2024,8,B,7B,9.0,active
000427,2024–2025,2024,8,B,7B,9.0,active
000428,2024–2025,2024,8,B,7B,9.0,active
000429,2024–2025,2024,8,B,7B,9.0,active
000430,2024–2025,2024,8,B,7B,9.0,active
000431,2024–2025,2024,8,B,7B,9.0,active
000432,2024–2025,2024,8,B,7B,9.0,active
000433,2024–2025,2024,8,B,7B,9.0,active
000434,2024–2025,2024,8,B,7B,9.0,active
000435,2024–2025,2024,8,B,7B,9.0,active
000436,2024–2025,2024,8,C,7C,9.0,active
000437,2024–2025,2024,8,C,7C,9.0,active
000438,2024–2025,2024,8,C,7C,9.0,active
000439,2024–2025,2024,8,C,7C,9.0,active
000440,2024–2025,2024,8,C,7C,9.0,active
000441,2024–2025,2024,8,C,7C,9.0,active
000442,2024–2025,2024,8,C,7C,9.0,active
000443,2024–2025,2024,8,C,7C,9.0,active
000444,2024–2025,2024,8,C,7C,9.0,active
000445,2024–2025,2024,8,C,7C,9.0,active
000446,2024–2025,2024,8,C,7C,9.0,active
000447,2024–2025,2024,8,C,7C,9.0,active
000448,2024–2025,2024,8,C,7C,9.0,active
000449,2024–2025,2024,8,C,7C,9.0,active
000450,2024–2025,2024,8,C,7C,9.0,active
000451,2024–2025,2024,7,A,7A,8.0,new
000452,2024–2025,2024,7,A,7A,8.0,new
000453,2024–2025,2024,7,A,7A,8.0,new
000454,2024–2025,2024,7,A,7A,8.0,new
000455,2024–2025,2024,7,A,7A,8.0,new
000456,2024–2025,2024,7,A,7A,8.0,new
000457,2024–2025,2024,7,A,7A,8.0,new
000458,2024–2025,2024,7,A,7A,8.0,new
000459,2024–2025,2024,7,A,7A,8.0,new
000460,2024–2025,2024,7,A,7A,8.0,new
000461,2024–2025,2024,7,A,7A,8.0,new
000462,2024–2025,2024,7,A,7A,8.0,new
000463,2024–2025,2024,7,A,7A,8.0,new
000464,2024–2025,2024,7,A,7A,8.0,new
000465,2024–2025,2024,7,A,7A,8.0,new
000466,2024–2025,2024,7,B,7B,8.0,new
000467,2024–2025,2024,7,B,7B,8.0,new
000468,2024–2025,2024,7,B,7B,8.0,new
000469,2024–2025,2024,7,B,7B,8.0,new
000470,2024–2025,2024,7,B,7B,8.0,new
000471,2024–2025,2024,7,B,7B,8.0,new
000472,2024–2025,2024,7,B,7B,8.0,new
000473,2024–2025,2024,7,B,7B,8.0,new
000474,2024–2025,2024,7,B,7B,8.0,new
000475,2024–2025,2024,7,B,7B,8.0,new
000476,2024–2025,2024,7,B,7B,8.0,new
000477,2024–2025,2024,7,B,7B,8.0,new
000478,2024–2025,2024,7,B,7B,8.0,new
000479,2024–2025,2024,7,B,7B,8.0,new
000480,2024–2025,2024,7,B,7B,8.0,new
000481,2024–2025,2024,7,C,7C,8.0,new
000482,2024–2025,2024,7,C,7C,8.0,new
000483,2024–2025,2024,7,C,7C,8.0,new
000484,2024–2025,2024,7,C,7C,8.0,new
000485,2024–2025,2024,7,C,7C,8.0,new
000486,2024–2025,2024,7,C,7C,8.0,new
000487,2024–2025,2024,7,C,7C,8.0,new
000488,2024–2025,2024,7,C,7C,8.0,new
000489,2024–2025,2024,7,C,7C,8.0,new
000490,2024–2025,2024,7,C,7C,8.0,new
000491,2024–2025,2024,7,C,7C,8.0,new
000492,2024–2025,2024,7,C,7C,8.0,new
000493,2024–2025,2024,7,C,7C,8.0,new
000494,2024–2025,2024,7,C,7C,8.0,new
000495,2024–2025,2024,7,C,7C,8.0,new
