student_id,academic_year,year_start,cohort,sub_cohort,start_cohort,progression_cohort,status
1,2019–2020,2019,7,A,7A,8.0,active
2,2019–2020,2019,7,A,7A,8.0,active
3,2019–2020,2019,7,A,7A,8.0,active
4,2019–2020,2019,7,A,7A,8.0,active
5,2019–2020,2019,7,A,7A,8.0,active
6,2019–2020,2019,7,A,7A,8.0,active
7,2019–2020,2019,7,A,7A,8.0,active
8,2019–2020,2019,7,A,7A,8.0,active
9,2019–2020,2019,7,A,7A,8.0,active
10,2019–2020,2019,7,A,7A,8.0,active
11,2019–2020,2019,7,A,7A,8.0,active
12,2019–2020,2019,7,A,7A,8.0,active
13,2019–2020,2019,7,A,7A,8.0,active
14,2019–2020,2019,7,A,7A,8.0,active
15,2019–2020,2019,7,A,7A,8.0,active
16,2019–2020,2019,7,B,7B,8.0,active
17,2019–2020,2019,7,B,7B,8.0,active
18,2019–2020,2019,7,B,7B,8.0,active
19,2019–2020,2019,7,B,7B,8.0,active
20,2019–2020,2019,7,B,7B,8.0,active
21,2019–2020,2019,7,B,7B,8.0,active
22,2019–2020,2019,7,B,7B,8.0,active
23,2019–2020,2019,7,B,7B,8.0,active
24,2019–2020,2019,7,B,7B,8.0,active
25,2019–2020,2019,7,B,7B,8.0,active
26,2019–2020,2019,7,B,7B,8.0,active
27,2019–2020,2019,7,B,7B,8.0,active
28,2019–2020,2019,7,B,7B,8.0,active
29,2019–2020,2019,7,B,7B,8.0,active
30,2019–2020,2019,7,B,7B,8.0,active
31,2019–2020,2019,7,C,7C,8.0,active
32,2019–2020,2019,7,C,7C,8.0,active
33,2019–2020,2019,7,C,7C,8.0,active
34,2019–2020,2019,7,C,7C,8.0,active
35,2019–2020,2019,7,C,7C,8.0,active
36,2019–2020,2019,7,C,7C,8.0,active
37,2019–2020,2019,7,C,7C,8.0,active
38,2019–2020,2019,7,C,7C,8.0,active
39,2019–2020,2019,7,C,7C,8.0,active
40,2019–2020,2019,7,C,7C,8.0,active
41,2019–2020,2019,7,C,7C,8.0,active
42,2019–2020,2019,7,C,7C,8.0,active
43,2019–2020,2019,7,C,7C,8.0,active
44,2019–2020,2019,7,C,7C,8.0,active
45,2019–2020,2019,7,C,7C,8.0,active
46,2019–2020,2019,8,A,8A,9.0,active
47,2019–2020,2019,8,A,8A,9.0,active
48,2019–2020,2019,8,A,8A,9.0,active
49,2019–2020,2019,8,A,8A,9.0,active
50,2019–2020,2019,8,A,8A,9.0,active
51,2019–2020,2019,8,A,8A,9.0,active
52,2019–2020,2019,8,A,8A,9.0,active
53,2019–2020,2019,8,A,8A,9.0,active
54,2019–2020,2019,8,A,8A,9.0,active
55,2019–2020,2019,8,A,8A,9.0,active
56,2019–2020,2019,8,A,8A,9.0,active
57,2019–2020,2019,8,A,8A,9.0,active
58,2019–2020,2019,8,A,8A,9.0,active
59,2019–2020,2019,8,A,8A,9.0,active
60,2019–2020,2019,8,A,8A,9.0,active
61,2019–2020,2019,8,B,8B,9.0,active
62,2019–2020,2019,8,B,8B,9.0,active
63,2019–2020,2019,8,B,8B,9.0,active
64,2019–2020,2019,8,B,8B,9.0,active
65,2019–2020,2019,8,B,8B,9.0,active
66,2019–2020,2019,8,B,8B,9.0,active
67,2019–2020,2019,8,B,8B,9.0,active
68,2019–2020,2019,8,B,8B,9.0,active
69,2019–2020,2019,8,B,8B,9.0,active
70,2019–2020,2019,8,B,8B,9.0,active
71,2019–2020,2019,8,B,8B,9.0,active
72,2019–2020,2019,8,B,8B,9.0,active
73,2019–2020,2019,8,B,8B,9.0,active
74,2019–2020,2019,8,B,8B,9.0,active
75,2019–2020,2019,8,B,8B,9.0,active
76,2019–2020,2019,8,C,8C,9.0,active
77,2019–2020,2019,8,C,8C,9.0,active
78,2019–2020,2019,8,C,8C,9.0,active
79,2019–2020,2019,8,C,8C,9.0,active
80,2019–2020,2019,8,C,8C,9.0,active
81,2019–2020,2019,8,C,8C,9.0,active
82,2019–2020,2019,8,C,8C,9.0,active
83,2019–2020,2019,8,C,8C,9.0,active
84,2019–2020,2019,8,C,8C,9.0,active
85,2019–2020,2019,8,C,8C,9.0,active
86,2019–2020,2019,8,C,8C,9.0,active
87,2019–2020,2019,8,C,8C,9.0,active
88,2019–2020,2019,8,C,8C,9.0,active
89,2019–2020,2019,8,C,8C,9.0,active
90,2019–2020,2019,8,C,8C,9.0,active
91,2019–2020,2019,9,A,9A,10.0,active
92,2019–2020,2019,9,A,9A,10.0,active
93,2019–2020,2019,9,A,9A,10.0,active
94,2019–2020,2019,9,A,9A,10.0,active
95,2019–2020,2019,9,A,9A,10.0,active
96,2019–2020,2019,9,A,9A,10.0,active
97,2019–2020,2019,9,A,9A,10.0,active
98,2019–2020,2019,9,A,9A,10.0,active
99,2019–2020,2019,9,A,9A,10.0,active
100,2019–2020,2019,9,A,9A,10.0,active
101,2019–2020,2019,9,A,9A,10.0,active
102,2019–2020,2019,9,A,9A,10.0,active
103,2019–2020,2019,9,A,9A,10.0,active
104,2019–2020,2019,9,A,9A,10.0,active
105,2019–2020,2019,9,A,9A,10.0,active
106,2019–2020,2019,9,B,9B,10.0,active
107,2019–2020,2019,9,B,9B,10.0,active
108,2019–2020,2019,9,B,9B,10.0,active
109,2019–2020,2019,9,B,9B,10.0,active
110,2019–2020,2019,9,B,9B,10.0,active
111,2019–2020,2019,9,B,9B,10.0,active
112,2019–2020,2019,9,B,9B,10.0,active
113,2019–2020,2019,9,B,9B,10.0,active
114,2019–2020,2019,9,B,9B,10.0,active
115,2019–2020,2019,9,B,9B,10.0,active
116,2019–2020,2019,9,B,9B,10.0,active
117,2019–2020,2019,9,B,9B,10.0,active
118,2019–2020,2019,9,B,9B,10.0,active
119,2019–2020,2019,9,B,9B,10.0,active
120,2019–2020,2019,9,B,9B,10.0,active
121,2019–2020,2019,9,C,9C,10.0,active
122,2019–2020,2019,9,C,9C,10.0,active
123,2019–2020,2019,9,C,9C,10.0,active
124,2019–2020,2019,9,C,9C,10.0,active
125,2019–2020,2019,9,C,9C,10.0,active
126,2019–2020,2019,9,C,9C,10.0,active
127,2019–2020,2019,9,C,9C,10.0,active
128,2019–2020,2019,9,C,9C,10.0,active
129,2019–2020,2019,9,C,9C,10.0,active
130,2019–2020,2019,9,C,9C,10.0,active
131,2019–2020,2019,9,C,9C,10.0,active
132,2019–2020,2019,9,C,9C,10.0,active
133,2019–2020,2019,9,C,9C,10.0,active
134,2019–2020,2019,9,C,9C,10.0,active
135,2019–2020,2019,9,C,9C,10.0,active
136,2019–2020,2019,10,A,10A,11.0,active
137,2019–2020,2019,10,A,10A,11.0,active
138,2019–2020,2019,10,A,10A,11.0,active
139,2019–2020,2019,10,A,10A,11.0,active
140,2019–2020,2019,10,A,10A,11.0,active
141,2019–2020,2019,10,A,10A,11.0,active
142,2019–2020,2019,10,A,10A,11.0,active
143,2019–2020,2019,10,A,10A,11.0,active
144,2019–2020,2019,10,A,10A,11.0,active
145,2019–2020,2019,10,A,10A,11.0,active
146,2019–2020,2019,10,A,10A,11.0,active
147,2019–2020,2019,10,A,10A,11.0,active
148,2019–2020,2019,10,A,10A,11.0,active
149,2019–2020,2019,10,A,10A,11.0,active
150,2019–2020,2019,10,A,10A,11.0,active
151,2019–2020,2019,10,B,10B,11.0,active
152,2019–2020,2019,10,B,10B,11.0,active
153,2019–2020,2019,10,B,10B,11.0,active
154,2019–2020,2019,10,B,10B,11.0,active
155,2019–2020,2019,10,B,10B,11.0,active
156,2019–2020,2019,10,B,10B,11.0,active
157,2019–2020,2019,10,B,10B,11.0,active
158,2019–2020,2019,10,B,10B,11.0,active
159,2019–2020,2019,10,B,10B,11.0,active
160,2019–2020,2019,10,B,10B,11.0,active
161,2019–2020,2019,10,B,10B,11.0,active
162,2019–2020,2019,10,B,10B,11.0,active
163,2019–2020,2019,10,B,10B,11.0,active
164,2019–2020,2019,10,B,10B,11.0,active
165,2019–2020,2019,10,B,10B,11.0,active
166,2019–2020,2019,10,C,10C,11.0,active
167,2019–2020,2019,10,C,10C,11.0,active
168,2019–2020,2019,10,C,10C,11.0,active
169,2019–2020,2019,10,C,10C,11.0,active
170,2019–2020,2019,10,C,10C,11.0,active
171,2019–2020,2019,10,C,10C,11.0,active
172,2019–2020,2019,10,C,10C,11.0,active
173,2019–2020,2019,10,C,10C,11.0,active
174,2019–2020,2019,10,C,10C,11.0,active
175,2019–2020,2019,10,C,10C,11.0,active
176,2019–2020,2019,10,C,10C,11.0,active
177,2019–2020,2019,10,C,10C,11.0,active
178,2019–2020,2019,10,C,10C,11.0,active
179,2019–2020,2019,10,C,10C,11.0,active
180,2019–2020,2019,10,C,10C,11.0,active
181,2019–2020,2019,11,A,11A,12.0,active
182,2019–2020,2019,11,A,11A,12.0,active
183,2019–2020,2019,11,A,11A,12.0,active
184,2019–2020,2019,11,A,11A,12.0,active
185,2019–2020,2019,11,A,11A,12.0,active
186,2019–2020,2019,11,A,11A,12.0,active
187,2019–2020,2019,11,A,11A,12.0,active
188,2019–2020,2019,11,A,11A,12.0,active
189,2019–2020,2019,11,A,11A,12.0,active
190,2019–2020,2019,11,A,11A,12.0,active
191,2019–2020,2019,11,A,11A,12.0,active
192,2019–2020,2019,11,A,11A,12.0,active
193,2019–2020,2019,11,A,11A,12.0,active
194,2019–2020,2019,11,A,11A,12.0,active
195,2019–2020,2019,11,A,11A,12.0,active
196,2019–2020,2019,11,B,11B,12.0,active
197,2019–2020,2019,11,B,11B,12.0,active
198,2019–2020,2019,11,B,11B,12.0,active
199,2019–2020,2019,11,B,11B,12.0,active
200,2019–2020,2019,11,B,11B,12.0,active
201,2019–2020,2019,11,B,11B,12.0,active
202,2019–2020,2019,11,B,11B,12.0,active
203,2019–2020,2019,11,B,11B,12.0,active
204,2019–2020,2019,11,B,11B,12.0,active
205,2019–2020,2019,11,B,11B,12.0,active
206,2019–2020,2019,11,B,11B,12.0,active
207,2019–2020,2019,11,B,11B,12.0,active
208,2019–2020,2019,11,B,11B,12.0,active
209,2019–2020,2019,11,B,11B,12.0,active
210,2019–2020,2019,11,B,11B,12.0,active
211,2019–2020,2019,11,C,11C,12.0,active
212,2019–2020,2019,11,C,11C,12.0,active
213,2019–2020,2019,11,C,11C,12.0,active
214,2019–2020,2019,11,C,11C,12.0,active
215,2019–2020,2019,11,C,11C,12.0,active
216,2019–2020,2019,11,C,11C,12.0,active
217,2019–2020,2019,11,C,11C,12.0,active
218,2019–2020,2019,11,C,11C,12.0,active
219,2019–2020,2019,11,C,11C,12.0,active
220,2019–2020,2019,11,C,11C,12.0,active
221,2019–2020,2019,11,C,11C,12.0,active
222,2019–2020,2019,11,C,11C,12.0,active
223,2019–2020,2019,11,C,11C,12.0,active
224,2019–2020,2019,11,C,11C,12.0,active
225,2019–2020,2019,11,C,11C,12.0,active
226,2019–2020,2019,12,A,12A,,active
227,2019–2020,2019,12,A,12A,,active
228,2019–2020,2019,12,A,12A,,active
229,2019–2020,2019,12,A,12A,,active
230,2019–2020,2019,12,A,12A,,active
231,2019–2020,2019,12,A,12A,,active
232,2019–2020,2019,12,A,12A,,active
233,2019–2020,2019,12,A,12A,,active
234,2019–2020,2019,12,A,12A,,active
235,2019–2020,2019,12,A,12A,,active
236,2019–2020,2019,12,A,12A,,active
237,2019–2020,2019,12,A,12A,,active
238,2019–2020,2019,12,A,12A,,active
239,2019–2020,2019,12,A,12A,,active
240,2019–2020,2019,12,A,12A,,active
241,2019–2020,2019,12,B,12B,,active
242,2019–2020,2019,12,B,12B,,active
243,2019–2020,2019,12,B,12B,,active
244,2019–2020,2019,12,B,12B,,active
245,2019–2020,2019,12,B,12B,,active
246,2019–2020,2019,12,B,12B,,active
247,2019–2020,2019,12,B,12B,,active
248,2019–2020,2019,12,B,12B,,active
249,2019–2020,2019,12,B,12B,,active
250,2019–2020,2019,12,B,12B,,active
251,2019–2020,2019,12,B,12B,,active
252,2019–2020,2019,12,B,12B,,active
253,2019–2020,2019,12,B,12B,,active
254,2019–2020,2019,12,B,12B,,active
255,2019–2020,2019,12,B,12B,,active
256,2019–2020,2019,12,C,12C,,active
257,2019–2020,2019,12,C,12C,,active
258,2019–2020,2019,12,C,12C,,active
259,2019–2020,2019,12,C,12C,,active
260,2019–2020,2019,12,C,12C,,active
261,2019–2020,2019,12,C,12C,,active
262,2019–2020,2019,12,C,12C,,active
263,2019–2020,2019,12,C,12C,,active
264,2019–2020,2019,12,C,12C,,active
265,2019–2020,2019,12,C,12C,,active
266,2019–2020,2019,12,C,12C,,active
267,2019–2020,2019,12,C,12C,,active
268,2019–2020,2019,12,C,12C,,active
269,2019–2020,2019,12,C,12C,,active
270,2019–2020,2019,12,C,12C,,active
1,2020–2021,2020,8,A,7A,9.0,active
3,2020–2021,2020,8,A,7A,9.0,active
4,2020–2021,2020,8,A,7A,9.0,active
5,2020–2021,2020,8,A,7A,9.0,active
6,2020–2021,2020,8,A,7A,9.0,active
7,2020–2021,2020,8,A,7A,9.0,active
8,2020–2021,2020,8,A,7A,9.0,active
9,2020–2021,2020,8,A,7A,9.0,active
11,2020–2021,2020,8,A,7A,9.0,active
12,2020–2021,2020,8,A,7A,9.0,active
14,2020–2021,2020,8,A,7A,9.0,active
15,2020–2021,2020,8,A,7A,9.0,active
16,2020–2021,2020,8,B,7B,9.0,active
17,2020–2021,2020,8,B,7B,9.0,active
18,2020–2021,2020,8,B,7B,9.0,active
19,2020–2021,2020,8,B,7B,9.0,active
21,2020–2021,2020,8,B,7B,9.0,active
22,2020–2021,2020,8,B,7B,9.0,active
23,2020–2021,2020,8,B,7B,9.0,active
24,2020–2021,2020,8,B,7B,9.0,active
25,2020–2021,2020,8,B,7B,9.0,active
26,2020–2021,2020,8,B,7B,9.0,active
27,2020–2021,2020,8,B,7B,9.0,active
28,2020–2021,2020,8,B,7B,9.0,active
29,2020–2021,2020,8,B,7B,9.0,active
30,2020–2021,2020,8,B,7B,9.0,active
31,2020–2021,2020,8,C,7C,9.0,active
32,2020–2021,2020,8,C,7C,9.0,active
33,2020–2021,2020,8,C,7C,9.0,active
34,2020–2021,2020,8,C,7C,9.0,active
35,2020–2021,2020,8,C,7C,9.0,active
36,2020–2021,2020,8,C,7C,9.0,active
37,2020–2021,2020,8,C,7C,9.0,active
38,2020–2021,2020,8,C,7C,9.0,active
39,2020–2021,2020,8,C,7C,9.0,active
40,2020–2021,2020,8,C,7C,9.0,active
41,2020–2021,2020,8,C,7C,9.0,active
43,2020–2021,2020,8,C,7C,9.0,active
44,2020–2021,2020,8,C,7C,9.0,active
45,2020–2021,2020,8,C,7C,9.0,active
46,2020–2021,2020,9,A,8A,10.0,active
47,2020–2021,2020,9,A,8A,10.0,active
48,2020–2021,2020,9,A,8A,10.0,active
49,2020–2021,2020,9,A,8A,10.0,active
50,2020–2021,2020,9,A,8A,10.0,active
51,2020–2021,2020,9,A,8A,10.0,active
52,2020–2021,2020,9,A,8A,10.0,active
53,2020–2021,2020,9,A,8A,10.0,active
54,2020–2021,2020,9,A,8A,10.0,active
55,2020–2021,2020,9,A,8A,10.0,active
56,2020–2021,2020,9,A,8A,10.0,active
57,2020–2021,2020,9,A,8A,10.0,active
58,2020–2021,2020,9,A,8A,10.0,active
59,2020–2021,2020,9,A,8A,10.0,active
60,2020–2021,2020,9,A,8A,10.0,active
61,2020–2021,2020,9,B,8B,10.0,active
62,2020–2021,2020,9,B,8B,10.0,active
63,2020–2021,2020,9,B,8B,10.0,active
64,2020–2021,2020,9,B,8B,10.0,active
65,2020–2021,2020,9,B,8B,10.0,active
66,2020–2021,2020,9,B,8B,10.0,active
67,2020–2021,2020,9,B,8B,10.0,active
69,2020–2021,2020,9,B,8B,10.0,active
70,2020–2021,2020,9,B,8B,10.0,active
71,2020–2021,2020,9,B,8B,10.0,active
72,2020–2021,2020,9,B,8B,10.0,active
73,2020–2021,2020,9,B,8B,10.0,active
74,2020–2021,2020,9,B,8B,10.0,active
75,2020–2021,2020,9,B,8B,10.0,active
76,2020–2021,2020,9,C,8C,10.0,active
77,2020–2021,2020,9,C,8C,10.0,active
78,2020–2021,2020,9,C,8C,10.0,active
79,2020–2021,2020,9,C,8C,10.0,active
80,2020–2021,2020,9,C,8C,10.0,active
81,2020–2021,2020,9,C,8C,10.0,active
82,2020–2021,2020,9,C,8C,10.0,active
83,2020–2021,2020,9,C,8C,10.0,active
84,2020–2021,2020,9,C,8C,10.0,active
85,2020–2021,2020,9,C,8C,10.0,active
86,2020–2021,2020,9,C,8C,10.0,active
87,2020–2021,2020,9,C,8C,10.0,active
88,2020–2021,2020,9,C,8C,10.0,active
89,2020–2021,2020,9,C,8C,10.0,active
91,2020–2021,2020,10,A,9A,11.0,active
92,2020–2021,2020,10,A,9A,11.0,active
93,2020–2021,2020,10,A,9A,11.0,active
94,2020–2021,2020,10,A,9A,11.0,active
95,2020–2021,2020,10,A,9A,11.0,active
96,2020–2021,2020,10,A,9A,11.0,active
97,2020–2021,2020,10,A,9A,11.0,active
98,2020–2021,2020,10,A,9A,11.0,active
99,2020–2021,2020,10,A,9A,11.0,active
100,2020–2021,2020,10,A,9A,11.0,active
102,2020–2021,2020,10,A,9A,11.0,active
103,2020–2021,2020,10,A,9A,11.0,active
104,2020–2021,2020,10,A,9A,11.0,active
105,2020–2021,2020,10,A,9A,11.0,active
106,2020–2021,2020,10,B,9B,11.0,active
107,2020–2021,2020,10,B,9B,11.0,active
108,2020–2021,2020,10,B,9B,11.0,active
109,2020–2021,2020,10,B,9B,11.0,active
110,2020–2021,2020,10,B,9B,11.0,active
111,2020–2021,2020,10,B,9B,11.0,active
112,2020–2021,2020,10,B,9B,11.0,active
113,2020–2021,2020,10,B,9B,11.0,active
114,2020–2021,2020,10,B,9B,11.0,active
115,2020–2021,2020,10,B,9B,11.0,active
116,2020–2021,2020,10,B,9B,11.0,active
117,2020–2021,2020,10,B,9B,11.0,active
118,2020–2021,2020,10,B,9B,11.0,active
119,2020–2021,2020,10,B,9B,11.0,active
120,2020–2021,2020,10,B,9B,11.0,active
121,2020–2021,2020,10,C,9C,11.0,active
122,2020–2021,2020,10,C,9C,11.0,active
123,2020–2021,2020,10,C,9C,11.0,active
124,2020–2021,2020,10,C,9C,11.0,active
126,2020–2021,2020,10,C,9C,11.0,active
128,2020–2021,2020,10,C,9C,11.0,active
129,2020–2021,2020,10,C,9C,11.0,active
130,2020–2021,2020,10,C,9C,11.0,active
131,2020–2021,2020,10,C,9C,11.0,active
132,2020–2021,2020,10,C,9C,11.0,active
133,2020–2021,2020,10,C,9C,11.0,active
134,2020–2021,2020,10,C,9C,11.0,active
135,2020–2021,2020,10,C,9C,11.0,active
136,2020–2021,2020,11,A,10A,12.0,active
137,2020–2021,2020,11,A,10A,12.0,active
138,2020–2021,2020,11,A,10A,12.0,active
139,2020–2021,2020,11,A,10A,12.0,active
140,2020–2021,2020,11,A,10A,12.0,active
141,2020–2021,2020,11,A,10A,12.0,active
142,2020–2021,2020,11,A,10A,12.0,active
143,2020–2021,2020,11,A,10A,12.0,active
144,2020–2021,2020,11,A,10A,12.0,active
145,2020–2021,2020,11,A,10A,12.0,active
146,2020–2021,2020,11,A,10A,12.0,active
147,2020–2021,2020,11,A,10A,12.0,active
148,2020–2021,2020,11,A,10A,12.0,active
149,2020–2021,2020,11,A,10A,12.0,active
150,2020–2021,2020,11,A,10A,12.0,active
151,2020–2021,2020,11,B,10B,12.0,active
152,2020–2021,2020,11,B,10B,12.0,active
153,2020–2021,2020,11,B,10B,12.0,active
154,2020–2021,2020,11,B,10B,12.0,active
155,2020–2021,2020,11,B,10B,12.0,active
156,2020–2021,2020,11,B,10B,12.0,active
157,2020–2021,2020,11,B,10B,12.0,active
158,2020–2021,2020,11,B,10B,12.0,active
159,2020–2021,2020,11,B,10B,12.0,active
160,2020–2021,2020,11,B,10B,12.0,active
161,2020–2021,2020,11,B,10B,12.0,active
162,2020–2021,2020,11,B,10B,12.0,active
163,2020–2021,2020,11,B,10B,12.0,active
164,2020–2021,2020,11,B,10B,12.0,active
165,2020–2021,2020,11,B,10B,12.0,active
166,2020–2021,2020,11,C,10C,12.0,active
167,2020–2021,2020,11,C,10C,12.0,active
168,2020–2021,2020,11,C,10C,12.0,active
169,2020–2021,2020,11,C,10C,12.0,active
170,2020–2021,2020,11,C,10C,12.0,active
171,2020–2021,2020,11,C,10C,12.0,active
172,2020–2021,2020,11,C,10C,12.0,active
173,2020–2021,2020,11,C,10C,12.0,active
174,2020–2021,2020,11,C,10C,12.0,active
175,2020–2021,2020,11,C,10C,12.0,active
176,2020–2021,2020,11,C,10C,12.0,active
177,2020–2021,2020,11,C,10C,12.0,active
178,2020–2021,2020,11,C,10C,12.0,active
179,2020–2021,2020,11,C,10C,12.0,active
180,2020–2021,2020,11,C,10C,12.0,active
181,2020–2021,2020,12,A,11A,,active
182,2020–2021,2020,12,A,11A,,active
183,2020–2021,2020,12,A,11A,,active
184,2020–2021,2020,12,A,11A,,active
185,2020–2021,2020,12,A,11A,,active
186,2020–2021,2020,12,A,11A,,active
187,2020–2021,2020,12,A,11A,,active
188,2020–2021,2020,12,A,11A,,active
189,2020–2021,2020,12,A,11A,,active
190,2020–2021,2020,12,A,11A,,active
191,2020–2021,2020,12,A,11A,,active
192,2020–2021,2020,12,A,11A,,active
193,2020–2021,2020,12,A,11A,,active
194,2020–2021,2020,12,A,11A,,active
195,2020–2021,2020,12,A,11A,,active
196,2020–2021,2020,12,B,11B,,active
197,2020–2021,2020,12,B,11B,,active
198,2020–2021,2020,12,B,11B,,active
199,2020–2021,2020,12,B,11B,,active
200,2020–2021,2020,12,B,11B,,active
201,2020–2021,2020,12,B,11B,,active
202,2020–2021,2020,12,B,11B,,active
203,2020–2021,2020,12,B,11B,,active
204,2020–2021,2020,12,B,11B,,active
205,2020–2021,2020,12,B,11B,,active
206,2020–2021,2020,12,B,11B,,active
207,2020–2021,2020,12,B,11B,,active
208,2020–2021,2020,12,B,11B,,active
209,2020–2021,2020,12,B,11B,,active
210,2020–2021,2020,12,B,11B,,active
211,2020–2021,2020,12,C,11C,,active
212,2020–2021,2020,12,C,11C,,active
213,2020–2021,2020,12,C,11C,,active
214,2020–2021,2020,12,C,11C,,active
215,2020–2021,2020,12,C,11C,,active
216,2020–2021,2020,12,C,11C,,active
217,2020–2021,2020,12,C,11C,,active
218,2020–2021,2020,12,C,11C,,active
219,2020–2021,2020,12,C,11C,,active
220,2020–2021,2020,12,C,11C,,active
221,2020–2021,2020,12,C,11C,,active
222,2020–2021,2020,12,C,11C,,active
223,2020–2021,2020,12,C,11C,,active
224,2020–2021,2020,12,C,11C,,active
225,2020–2021,2020,12,C,11C,,active
271,2020–2021,2020,7,A,7A,8.0,active
272,2020–2021,2020,7,A,7A,8.0,active
273,2020–2021,2020,7,A,7A,8.0,active
274,2020–2021,2020,7,A,7A,8.0,active
275,2020–2021,2020,7,A,7A,8.0,active
276,2020–2021,2020,7,A,7A,8.0,active
277,2020–2021,2020,7,A,7A,8.0,active
278,2020–2021,2020,7,A,7A,8.0,active
279,2020–2021,2020,7,A,7A,8.0,active
280,2020–2021,2020,7,A,7A,8.0,active
281,2020–2021,2020,7,A,7A,8.0,active
282,2020–2021,2020,7,A,7A,8.0,active
283,2020–2021,2020,7,A,7A,8.0,active
284,2020–2021,2020,7,A,7A,8.0,active
285,2020–2021,2020,7,A,7A,8.0,active
286,2020–2021,2020,7,B,7B,8.0,active
287,2020–2021,2020,7,B,7B,8.0,active
288,2020–2021,2020,7,B,7B,8.0,active
289,2020–2021,2020,7,B,7B,8.0,active
290,2020–2021,2020,7,B,7B,8.0,active
291,2020–2021,2020,7,B,7B,8.0,active
292,2020–2021,2020,7,B,7B,8.0,active
293,2020–2021,2020,7,B,7B,8.0,active
294,2020–2021,2020,7,B,7B,8.0,active
295,2020–2021,2020,7,B,7B,8.0,active
296,2020–2021,2020,7,B,7B,8.0,active
297,2020–2021,2020,7,B,7B,8.0,active
298,2020–2021,2020,7,B,7B,8.0,active
299,2020–2021,2020,7,B,7B,8.0,active
300,2020–2021,2020,7,B,7B,8.0,active
301,2020–2021,2020,7,C,7C,8.0,active
302,2020–2021,2020,7,C,7C,8.0,active
303,2020–2021,2020,7,C,7C,8.0,active
304,2020–2021,2020,7,C,7C,8.0,active
305,2020–2021,2020,7,C,7C,8.0,active
306,2020–2021,2020,7,C,7C,8.0,active
307,2020–2021,2020,7,C,7C,8.0,active
308,2020–2021,2020,7,C,7C,8.0,active
309,2020–2021,2020,7,C,7C,8.0,active
310,2020–2021,2020,7,C,7C,8.0,active
311,2020–2021,2020,7,C,7C,8.0,active
312,2020–2021,2020,7,C,7C,8.0,active
313,2020–2021,2020,7,C,7C,8.0,active
314,2020–2021,2020,7,C,7C,8.0,active
315,2020–2021,2020,7,C,7C,8.0,active
1,2021–2022,2021,9,A,7A,10.0,active
3,2021–2022,2021,9,A,7A,10.0,active
4,2021–2022,2021,9,A,7A,10.0,active
5,2021–2022,2021,9,A,7A,10.0,active
6,2021–2022,2021,9,A,7A,10.0,active
7,2021–2022,2021,9,A,7A,10.0,active
8,2021–2022,2021,9,A,7A,10.0,active
9,2021–2022,2021,9,A,7A,10.0,active
11,2021–2022,2021,9,A,7A,10.0,active
12,2021–2022,2021,9,A,7A,10.0,active
14,2021–2022,2021,9,A,7A,10.0,active
15,2021–2022,2021,9,A,7A,10.0,active
16,2021–2022,2021,9,B,7B,10.0,active
17,2021–2022,2021,9,B,7B,10.0,active
18,2021–2022,2021,9,B,7B,10.0,active
19,2021–2022,2021,9,B,7B,10.0,active
21,2021–2022,2021,9,B,7B,10.0,active
22,2021–2022,2021,9,B,7B,10.0,active
23,2021–2022,2021,9,B,7B,10.0,active
24,2021–2022,2021,9,B,7B,10.0,active
25,2021–2022,2021,9,B,7B,10.0,active
26,2021–2022,2021,9,B,7B,10.0,active
27,2021–2022,2021,9,B,7B,10.0,active
28,2021–2022,2021,9,B,7B,10.0,active
29,2021–2022,2021,9,B,7B,10.0,active
30,2021–2022,2021,9,B,7B,10.0,active
31,2021–2022,2021,9,C,7C,10.0,active
32,2021–2022,2021,9,C,7C,10.0,active
33,2021–2022,2021,9,C,7C,10.0,active
34,2021–2022,2021,9,C,7C,10.0,active
35,2021–2022,2021,9,C,7C,10.0,active
36,2021–2022,2021,9,C,7C,10.0,active
37,2021–2022,2021,9,C,7C,10.0,active
38,2021–2022,2021,9,C,7C,10.0,active
39,2021–2022,2021,9,C,7C,10.0,active
40,2021–2022,2021,9,C,7C,10.0,active
41,2021–2022,2021,9,C,7C,10.0,active
43,2021–2022,2021,9,C,7C,10.0,active
44,2021–2022,2021,9,C,7C,10.0,active
45,2021–2022,2021,9,C,7C,10.0,active
46,2021–2022,2021,10,A,8A,11.0,active
47,2021–2022,2021,10,A,8A,11.0,active
48,2021–2022,2021,10,A,8A,11.0,active
49,2021–2022,2021,10,A,8A,11.0,active
51,2021–2022,2021,10,A,8A,11.0,active
52,2021–2022,2021,10,A,8A,11.0,active
53,2021–2022,2021,10,A,8A,11.0,active
54,2021–2022,2021,10,A,8A,11.0,active
55,2021–2022,2021,10,A,8A,11.0,active
56,2021–2022,2021,10,A,8A,11.0,active
57,2021–2022,2021,10,A,8A,11.0,active
58,2021–2022,2021,10,A,8A,11.0,active
59,2021–2022,2021,10,A,8A,11.0,active
60,2021–2022,2021,10,A,8A,11.0,active
61,2021–2022,2021,10,B,8B,11.0,active
62,2021–2022,2021,10,B,8B,11.0,active
63,2021–2022,2021,10,B,8B,11.0,active
64,2021–2022,2021,10,B,8B,11.0,active
65,2021–2022,2021,10,B,8B,11.0,active
66,2021–2022,2021,10,B,8B,11.0,active
67,2021–2022,2021,10,B,8B,11.0,active
69,2021–2022,2021,10,B,8B,11.0,active
70,2021–2022,2021,10,B,8B,11.0,active
71,2021–2022,2021,10,B,8B,11.0,active
73,2021–2022,2021,10,B,8B,11.0,active
74,2021–2022,2021,10,B,8B,11.0,active
75,2021–2022,2021,10,B,8B,11.0,active
76,2021–2022,2021,10,C,8C,11.0,active
77,2021–2022,2021,10,C,8C,11.0,active
78,2021–2022,2021,10,C,8C,11.0,active
80,2021–2022,2021,10,C,8C,11.0,active
81,2021–2022,2021,10,C,8C,11.0,active
82,2021–2022,2021,10,C,8C,11.0,active
83,2021–2022,2021,10,C,8C,11.0,active
84,2021–2022,2021,10,C,8C,11.0,active
85,2021–2022,2021,10,C,8C,11.0,active
86,2021–2022,2021,10,C,8C,11.0,active
87,2021–2022,2021,10,C,8C,11.0,active
88,2021–2022,2021,10,C,8C,11.0,active
89,2021–2022,2021,10,C,8C,11.0,active
91,2021–2022,2021,11,A,9A,12.0,active
92,2021–2022,2021,11,A,9A,12.0,active
93,2021–2022,2021,11,A,9A,12.0,active
94,2021–2022,2021,11,A,9A,12.0,active
95,2021–2022,2021,11,A,9A,12.0,active
96,2021–2022,2021,11,A,9A,12.0,active
97,2021–2022,2021,11,A,9A,12.0,active
98,2021–2022,2021,11,A,9A,12.0,active
99,2021–2022,2021,11,A,9A,12.0,active
100,2021–2022,2021,11,A,9A,12.0,active
102,2021–2022,2021,11,A,9A,12.0,active
103,2021–2022,2021,11,A,9A,12.0,active
104,2021–2022,2021,11,A,9A,12.0,active
105,2021–2022,2021,11,A,9A,12.0,active
106,2021–2022,2021,11,B,9B,12.0,active
107,2021–2022,2021,11,B,9B,12.0,active
109,2021–2022,2021,11,B,9B,12.0,active
110,2021–2022,2021,11,B,9B,12.0,active
111,2021–2022,2021,11,B,9B,12.0,active
112,2021–2022,2021,11,B,9B,12.0,active
113,2021–2022,2021,11,B,9B,12.0,active
114,2021–2022,2021,11,B,9B,12.0,active
115,2021–2022,2021,11,B,9B,12.0,active
116,2021–2022,2021,11,B,9B,12.0,active
117,2021–2022,2021,11,B,9B,12.0,active
118,2021–2022,2021,11,B,9B,12.0,active
119,2021–2022,2021,11,B,9B,12.0,active
120,2021–2022,2021,11,B,9B,12.0,active
121,2021–2022,2021,11,C,9C,12.0,active
122,2021–2022,2021,11,C,9C,12.0,active
123,2021–2022,2021,11,C,9C,12.0,active
124,2021–2022,2021,11,C,9C,12.0,active
126,2021–2022,2021,11,C,9C,12.0,active
129,2021–2022,2021,11,C,9C,12.0,active
130,2021–2022,2021,11,C,9C,12.0,active
131,2021–2022,2021,11,C,9C,12.0,active
132,2021–2022,2021,11,C,9C,12.0,active
133,2021–2022,2021,11,C,9C,12.0,active
134,2021–2022,2021,11,C,9C,12.0,active
135,2021–2022,2021,11,C,9C,12.0,active
136,2021–2022,2021,12,A,10A,,active
137,2021–2022,2021,12,A,10A,,active
138,2021–2022,2021,12,A,10A,,active
139,2021–2022,2021,12,A,10A,,active
140,2021–2022,2021,12,A,10A,,active
141,2021–2022,2021,12,A,10A,,active
142,2021–2022,2021,12,A,10A,,active
143,2021–2022,2021,12,A,10A,,active
144,2021–2022,2021,12,A,10A,,active
145,2021–2022,2021,12,A,10A,,active
146,2021–2022,2021,12,A,10A,,active
147,2021–2022,2021,12,A,10A,,active
148,2021–2022,2021,12,A,10A,,active
149,2021–2022,2021,12,A,10A,,active
150,2021–2022,2021,12,A,10A,,active
151,2021–2022,2021,12,B,10B,,active
152,2021–2022,2021,12,B,10B,,active
153,2021–2022,2021,12,B,10B,,active
155,2021–2022,2021,12,B,10B,,active
156,2021–2022,2021,12,B,10B,,active
157,2021–2022,2021,12,B,10B,,active
158,2021–2022,2021,12,B,10B,,active
159,2021–2022,2021,12,B,10B,,active
160,2021–2022,2021,12,B,10B,,active
161,2021–2022,2021,12,B,10B,,active
162,2021–2022,2021,12,B,10B,,active
163,2021–2022,2021,12,B,10B,,active
164,2021–2022,2021,12,B,10B,,active
165,2021–2022,2021,12,B,10B,,active
166,2021–2022,2021,12,C,10C,,active
167,2021–2022,2021,12,C,10C,,active
168,2021–2022,2021,12,C,10C,,active
169,2021–2022,2021,12,C,10C,,active
170,2021–2022,2021,12,C,10C,,active
171,2021–2022,2021,12,C,10C,,active
172,2021–2022,2021,12,C,10C,,active
173,2021–2022,2021,12,C,10C,,active
174,2021–2022,2021,12,C,10C,,active
175,2021–2022,2021,12,C,10C,,active
176,2021–2022,2021,12,C,10C,,active
177,2021–2022,2021,12,C,10C,,active
178,2021–2022,2021,12,C,10C,,active
179,2021–2022,2021,12,C,10C,,active
271,2021–2022,2021,8,A,7A,9.0,active
272,2021–2022,2021,8,A,7A,9.0,active
273,2021–2022,2021,8,A,7A,9.0,active
274,2021–2022,2021,8,A,7A,9.0,active
275,2021–2022,2021,8,A,7A,9.0,active
276,2021–2022,2021,8,A,7A,9.0,active
277,2021–2022,2021,8,A,7A,9.0,active
278,2021–2022,2021,8,A,7A,9.0,active
279,2021–2022,2021,8,A,7A,9.0,active
280,2021–2022,2021,8,A,7A,9.0,active
281,2021–2022,2021,8,A,7A,9.0,active
282,2021–2022,2021,8,A,7A,9.0,active
283,2021–2022,2021,8,A,7A,9.0,active
284,2021–2022,2021,8,A,7A,9.0,active
285,2021–2022,2021,8,A,7A,9.0,active
286,2021–2022,2021,8,B,7B,9.0,active
287,2021–2022,2021,8,B,7B,9.0,active
288,2021–2022,2021,8,B,7B,9.0,active
289,2021–2022,2021,8,B,7B,9.0,active
290,2021–2022,2021,8,B,7B,9.0,active
292,2021–2022,2021,8,B,7B,9.0,active
293,2021–2022,2021,8,B,7B,9.0,active
294,2021–2022,2021,8,B,7B,9.0,active
295,2021–2022,2021,8,B,7B,9.0,active
296,2021–2022,2021,8,B,7B,9.0,active
297,2021–2022,2021,8,B,7B,9.0,active
298,2021–2022,2021,8,B,7B,9.0,active
299,2021–2022,2021,8,B,7B,9.0,active
300,2021–2022,2021,8,B,7B,9.0,active
301,2021–2022,2021,8,C,7C,9.0,active
302,2021–2022,2021,8,C,7C,9.0,active
304,2021–2022,2021,8,C,7C,9.0,active
305,2021–2022,2021,8,C,7C,9.0,active
306,2021–2022,2021,8,C,7C,9.0,active
307,2021–2022,2021,8,C,7C,9.0,active
308,2021–2022,2021,8,C,7C,9.0,active
309,2021–2022,2021,8,C,7C,9.0,active
310,2021–2022,2021,8,C,7C,9.0,active
311,2021–2022,2021,8,C,7C,9.0,active
312,2021–2022,2021,8,C,7C,9.0,active
313,2021–2022,2021,8,C,7C,9.0,active
314,2021–2022,2021,8,C,7C,9.0,active
315,2021–2022,2021,8,C,7C,9.0,active
316,2021–2022,2021,7,A,7A,8.0,active
317,2021–2022,2021,7,A,7A,8.0,active
318,2021–2022,2021,7,A,7A,8.0,active
319,2021–2022,2021,7,A,7A,8.0,active
320,2021–2022,2021,7,A,7A,8.0,active
321,2021–2022,2021,7,A,7A,8.0,active
322,2021–2022,2021,7,A,7A,8.0,active
323,2021–2022,2021,7,A,7A,8.0,active
324,2021–2022,2021,7,A,7A,8.0,active
325,2021–2022,2021,7,A,7A,8.0,active
326,2021–2022,2021,7,A,7A,8.0,active
327,2021–2022,2021,7,A,7A,8.0,active
328,2021–2022,2021,7,A,7A,8.0,active
329,2021–2022,2021,7,A,7A,8.0,active
330,2021–2022,2021,7,A,7A,8.0,active
331,2021–2022,2021,7,B,7B,8.0,active
332,2021–2022,2021,7,B,7B,8.0,active
333,2021–2022,2021,7,B,7B,8.0,active
334,2021–2022,2021,7,B,7B,8.0,active
335,2021–2022,2021,7,B,7B,8.0,active
336,2021–2022,2021,7,B,7B,8.0,active
337,2021–2022,2021,7,B,7B,8.0,active
338,2021–2022,2021,7,B,7B,8.0,active
339,2021–2022,2021,7,B,7B,8.0,active
340,2021–2022,2021,7,B,7B,8.0,active
341,2021–2022,2021,7,B,7B,8.0,active
342,2021–2022,2021,7,B,7B,8.0,active
343,2021–2022,2021,7,B,7B,8.0,active
344,2021–2022,2021,7,B,7B,8.0,active
345,2021–2022,2021,7,B,7B,8.0,active
346,2021–2022,2021,7,C,7C,8.0,active
347,2021–2022,2021,7,C,7C,8.0,active
348,2021–2022,2021,7,C,7C,8.0,active
349,2021–2022,2021,7,C,7C,8.0,active
350,2021–2022,2021,7,C,7C,8.0,active
351,2021–2022,2021,7,C,7C,8.0,active
352,2021–2022,2021,7,C,7C,8.0,active
353,2021–2022,2021,7,C,7C,8.0,active
354,2021–2022,2021,7,C,7C,8.0,active
355,2021–2022,2021,7,C,7C,8.0,active
356,2021–2022,2021,7,C,7C,8.0,active
357,2021–2022,2021,7,C,7C,8.0,active
358,2021–2022,2021,7,C,7C,8.0,active
359,2021–2022,2021,7,C,7C,8.0,active
360,2021–2022,2021,7,C,7C,8.0,active
1,2022–2023,2022,10,A,7A,11.0,active
3,2022–2023,2022,10,A,7A,11.0,active
4,2022–2023,2022,10,A,7A,11.0,active
5,2022–2023,2022,10,A,7A,11.0,active
6,2022–2023,2022,10,A,7A,11.0,active
7,2022–2023,2022,10,A,7A,11.0,active
8,2022–2023,2022,10,A,7A,11.0,active
9,2022–2023,2022,10,A,7A,11.0,active
11,2022–2023,2022,10,A,7A,11.0,active
12,2022–2023,2022,10,A,7A,11.0,active
14,2022–2023,2022,10,A,7A,11.0,active
15,2022–2023,2022,10,A,7A,11.0,active
16,2022–2023,2022,10,B,7B,11.0,active
17,2022–2023,2022,10,B,7B,11.0,active
18,2022–2023,2022,10,B,7B,11.0,active
19,2022–2023,2022,10,B,7B,11.0,active
21,2022–2023,2022,10,B,7B,11.0,active
22,2022–2023,2022,10,B,7B,11.0,active
23,2022–2023,2022,10,B,7B,11.0,active
24,2022–2023,2022,10,B,7B,11.0,active
25,2022–2023,2022,10,B,7B,11.0,active
26,2022–2023,2022,10,B,7B,11.0,active
27,2022–2023,2022,10,B,7B,11.0,active
28,2022–2023,2022,10,B,7B,11.0,active
29,2022–2023,2022,10,B,7B,11.0,active
30,2022–2023,2022,10,B,7B,11.0,active
31,2022–2023,2022,10,C,7C,11.0,active
32,2022–2023,2022,10,C,7C,11.0,active
33,2022–2023,2022,10,C,7C,11.0,active
34,2022–2023,2022,10,C,7C,11.0,active
35,2022–2023,2022,10,C,7C,11.0,active
36,2022–2023,2022,10,C,7C,11.0,active
37,2022–2023,2022,10,C,7C,11.0,active
38,2022–2023,2022,10,C,7C,11.0,active
39,2022–2023,2022,10,C,7C,11.0,active
40,2022–2023,2022,10,C,7C,11.0,active
41,2022–2023,2022,10,C,7C,11.0,active
43,2022–2023,2022,10,C,7C,11.0,active
44,2022–2023,2022,10,C,7C,11.0,active
45,2022–2023,2022,10,C,7C,11.0,active
46,2022–2023,2022,11,A,8A,12.0,active
48,2022–2023,2022,11,A,8A,12.0,active
49,2022–2023,2022,11,A,8A,12.0,active
51,2022–2023,2022,11,A,8A,12.0,active
52,2022–2023,2022,11,A,8A,12.0,active
53,2022–2023,2022,11,A,8A,12.0,active
54,2022–2023,2022,11,A,8A,12.0,active
55,2022–2023,2022,11,A,8A,12.0,active
56,2022–2023,2022,11,A,8A,12.0,active
57,2022–2023,2022,11,A,8A,12.0,active
58,2022–2023,2022,11,A,8A,12.0,active
59,2022–2023,2022,11,A,8A,12.0,active
61,2022–2023,2022,11,B,8B,12.0,active
62,2022–2023,2022,11,B,8B,12.0,active
63,2022–2023,2022,11,B,8B,12.0,active
64,2022–2023,2022,11,B,8B,12.0,active
65,2022–2023,2022,11,B,8B,12.0,active
66,2022–2023,2022,11,B,8B,12.0,active
67,2022–2023,2022,11,B,8B,12.0,active
70,2022–2023,2022,11,B,8B,12.0,active
71,2022–2023,2022,11,B,8B,12.0,active
74,2022–2023,2022,11,B,8B,12.0,active
75,2022–2023,2022,11,B,8B,12.0,active
76,2022–2023,2022,11,C,8C,12.0,active
77,2022–2023,2022,11,C,8C,12.0,active
78,2022–2023,2022,11,C,8C,12.0,active
80,2022–2023,2022,11,C,8C,12.0,active
81,2022–2023,2022,11,C,8C,12.0,active
82,2022–2023,2022,11,C,8C,12.0,active
83,2022–2023,2022,11,C,8C,12.0,active
84,2022–2023,2022,11,C,8C,12.0,active
85,2022–2023,2022,11,C,8C,12.0,active
86,2022–2023,2022,11,C,8C,12.0,active
87,2022–2023,2022,11,C,8C,12.0,active
89,2022–2023,2022,11,C,8C,12.0,active
91,2022–2023,2022,12,A,9A,,active
92,2022–2023,2022,12,A,9A,,active
93,2022–2023,2022,12,A,9A,,active
94,2022–2023,2022,12,A,9A,,active
95,2022–2023,2022,12,A,9A,,active
96,2022–2023,2022,12,A,9A,,active
97,2022–2023,2022,12,A,9A,,active
98,2022–2023,2022,12,A,9A,,active
100,2022–2023,2022,12,A,9A,,active
102,2022–2023,2022,12,A,9A,,active
103,2022–2023,2022,12,A,9A,,active
104,2022–2023,2022,12,A,9A,,active
105,2022–2023,2022,12,A,9A,,active
106,2022–2023,2022,12,B,9B,,active
107,2022–2023,2022,12,B,9B,,active
109,2022–2023,2022,12,B,9B,,active
110,2022–2023,2022,12,B,9B,,active
111,2022–2023,2022,12,B,9B,,active
112,2022–2023,2022,12,B,9B,,active
113,2022–2023,2022,12,B,9B,,active
114,2022–2023,2022,12,B,9B,,active
115,2022–2023,2022,12,B,9B,,active
117,2022–2023,2022,12,B,9B,,active
118,2022–2023,2022,12,B,9B,,active
119,2022–2023,2022,12,B,9B,,active
120,2022–2023,2022,12,B,9B,,active
121,2022–2023,2022,12,C,9C,,active
122,2022–2023,2022,12,C,9C,,active
123,2022–2023,2022,12,C,9C,,active
124,2022–2023,2022,12,C,9C,,active
126,2022–2023,2022,12,C,9C,,active
129,2022–2023,2022,12,C,9C,,active
130,2022–2023,2022,12,C,9C,,active
131,2022–2023,2022,12,C,9C,,active
132,2022–2023,2022,12,C,9C,,active
133,2022–2023,2022,12,C,9C,,active
134,2022–2023,2022,12,C,9C,,active
135,2022–2023,2022,12,C,9C,,active
271,2022–2023,2022,9,A,7A,10.0,active
272,2022–2023,2022,9,A,7A,10.0,active
273,2022–2023,2022,9,A,7A,10.0,active
274,2022–2023,2022,9,A,7A,10.0,active
275,2022–2023,2022,9,A,7A,10.0,active
276,2022–2023,2022,9,A,7A,10.0,active
277,2022–2023,2022,9,A,7A,10.0,active
278,2022–2023,2022,9,A,7A,10.0,active
279,2022–2023,2022,9,A,7A,10.0,active
280,2022–2023,2022,9,A,7A,10.0,active
281,2022–2023,2022,9,A,7A,10.0,active
282,2022–2023,2022,9,A,7A,10.0,active
283,2022–2023,2022,9,A,7A,10.0,active
284,2022–2023,2022,9,A,7A,10.0,active
285,2022–2023,2022,9,A,7A,10.0,active
286,2022–2023,2022,9,B,7B,10.0,active
287,2022–2023,2022,9,B,7B,10.0,active
288,2022–2023,2022,9,B,7B,10.0,active
289,2022–2023,2022,9,B,7B,10.0,active
290,2022–2023,2022,9,B,7B,10.0,active
292,2022–2023,2022,9,B,7B,10.0,active
293,2022–2023,2022,9,B,7B,10.0,active
294,2022–2023,2022,9,B,7B,10.0,active
295,2022–2023,2022,9,B,7B,10.0,active
296,2022–2023,2022,9,B,7B,10.0,active
297,2022–2023,2022,9,B,7B,10.0,active
298,2022–2023,2022,9,B,7B,10.0,active
299,2022–2023,2022,9,B,7B,10.0,active
300,2022–2023,2022,9,B,7B,10.0,active
302,2022–2023,2022,9,C,7C,10.0,active
304,2022–2023,2022,9,C,7C,10.0,active
305,2022–2023,2022,9,C,7C,10.0,active
306,2022–2023,2022,9,C,7C,10.0,active
307,2022–2023,2022,9,C,7C,10.0,active
308,2022–2023,2022,9,C,7C,10.0,active
309,2022–2023,2022,9,C,7C,10.0,active
310,2022–2023,2022,9,C,7C,10.0,active
312,2022–2023,2022,9,C,7C,10.0,active
313,2022–2023,2022,9,C,7C,10.0,active
314,2022–2023,2022,9,C,7C,10.0,active
315,2022–2023,2022,9,C,7C,10.0,active
316,2022–2023,2022,8,A,7A,9.0,active
317,2022–2023,2022,8,A,7A,9.0,active
318,2022–2023,2022,8,A,7A,9.0,active
319,2022–2023,2022,8,A,7A,9.0,active
320,2022–2023,2022,8,A,7A,9.0,active
321,2022–2023,2022,8,A,7A,9.0,active
322,2022–2023,2022,8,A,7A,9.0,active
323,2022–2023,2022,8,A,7A,9.0,active
324,2022–2023,2022,8,A,7A,9.0,active
325,2022–2023,2022,8,A,7A,9.0,active
326,2022–2023,2022,8,A,7A,9.0,active
327,2022–2023,2022,8,A,7A,9.0,active
328,2022–2023,2022,8,A,7A,9.0,active
329,2022–2023,2022,8,A,7A,9.0,active
330,2022–2023,2022,8,A,7A,9.0,active
331,2022–2023,2022,8,B,7B,9.0,active
332,2022–2023,2022,8,B,7B,9.0,active
333,2022–2023,2022,8,B,7B,9.0,active
334,2022–2023,2022,8,B,7B,9.0,active
335,2022–2023,2022,8,B,7B,9.0,active
336,2022–2023,2022,8,B,7B,9.0,active
337,2022–2023,2022,8,B,7B,9.0,active
338,2022–2023,2022,8,B,7B,9.0,active
339,2022–2023,2022,8,B,7B,9.0,active
340,2022–2023,2022,8,B,7B,9.0,active
341,2022–2023,2022,8,B,7B,9.0,active
342,2022–2023,2022,8,B,7B,9.0,active
343,2022–2023,2022,8,B,7B,9.0,active
344,2022–2023,2022,8,B,7B,9.0,active
345,2022–2023,2022,8,B,7B,9.0,active
346,2022–2023,2022,8,C,7C,9.0,active
347,2022–2023,2022,8,C,7C,9.0,active
348,2022–2023,2022,8,C,7C,9.0,active
349,2022–2023,2022,8,C,7C,9.0,active
351,2022–2023,2022,8,C,7C,9.0,active
352,2022–2023,2022,8,C,7C,9.0,active
353,2022–2023,2022,8,C,7C,9.0,active
354,2022–2023,2022,8,C,7C,9.0,active
355,2022–2023,2022,8,C,7C,9.0,active
356,2022–2023,2022,8,C,7C,9.0,active
357,2022–2023,2022,8,C,7C,9.0,active
358,2022–2023,2022,8,C,7C,9.0,active
359,2022–2023,2022,8,C,7C,9.0,active
360,2022–2023,2022,8,C,7C,9.0,active
361,2022–2023,2022,7,A,7A,8.0,active
362,2022–2023,2022,7,A,7A,8.0,active
363,2022–2023,2022,7,A,7A,8.0,active
364,2022–2023,2022,7,A,7A,8.0,active
365,2022–2023,2022,7,A,7A,8.0,active
366,2022–2023,2022,7,A,7A,8.0,active
367,2022–2023,2022,7,A,7A,8.0,active
368,2022–2023,2022,7,A,7A,8.0,active
369,2022–2023,2022,7,A,7A,8.0,active
370,2022–2023,2022,7,A,7A,8.0,active
371,2022–2023,2022,7,A,7A,8.0,active
372,2022–2023,2022,7,A,7A,8.0,active
373,2022–2023,2022,7,A,7A,8.0,active
374,2022–2023,2022,7,A,7A,8.0,active
375,2022–2023,2022,7,A,7A,8.0,active
376,2022–2023,2022,7,B,7B,8.0,active
377,2022–2023,2022,7,B,7B,8.0,active
378,2022–2023,2022,7,B,7B,8.0,active
379,2022–2023,2022,7,B,7B,8.0,active
380,2022–2023,2022,7,B,7B,8.0,active
381,2022–2023,2022,7,B,7B,8.0,active
382,2022–2023,2022,7,B,7B,8.0,active
383,2022–2023,2022,7,B,7B,8.0,active
384,2022–2023,2022,7,B,7B,8.0,active
385,2022–2023,2022,7,B,7B,8.0,active
386,2022–2023,2022,7,B,7B,8.0,active
387,2022–2023,2022,7,B,7B,8.0,active
388,2022–2023,2022,7,B,7B,8.0,active
389,2022–2023,2022,7,B,7B,8.0,active
390,2022–2023,2022,7,B,7B,8.0,active
391,2022–2023,2022,7,C,7C,8.0,active
392,2022–2023,2022,7,C,7C,8.0,active
393,2022–2023,2022,7,C,7C,8.0,active
394,2022–2023,2022,7,C,7C,8.0,active
395,2022–2023,2022,7,C,7C,8.0,active
396,2022–2023,2022,7,C,7C,8.0,active
397,2022–2023,2022,7,C,7C,8.0,active
398,2022–2023,2022,7,C,7C,8.0,active
399,2022–2023,2022,7,C,7C,8.0,active
400,2022–2023,2022,7,C,7C,8.0,active
401,2022–2023,2022,7,C,7C,8.0,active
402,2022–2023,2022,7,C,7C,8.0,active
403,2022–2023,2022,7,C,7C,8.0,active
404,2022–2023,2022,7,C,7C,8.0,active
405,2022–2023,2022,7,C,7C,8.0,active
1,2023–2024,2023,11,A,7A,12.0,active
3,2023–2024,2023,11,A,7A,12.0,active
4,2023–2024,2023,11,A,7A,12.0,active
5,2023–2024,2023,11,A,7A,12.0,active
6,2023–2024,2023,11,A,7A,12.0,active
7,2023–2024,2023,11,A,7A,12.0,active
8,2023–2024,2023,11,A,7A,12.0,active
9,2023–2024,2023,11,A,7A,12.0,active
11,2023–2024,2023,11,A,7A,12.0,active
12,2023–2024,2023,11,A,7A,12.0,active
14,2023–2024,2023,11,A,7A,12.0,active
15,2023–2024,2023,11,A,7A,12.0,active
16,2023–2024,2023,11,B,7B,12.0,active
17,2023–2024,2023,11,B,7B,12.0,active
18,2023–2024,2023,11,B,7B,12.0,active
19,2023–2024,2023,11,B,7B,12.0,active
21,2023–2024,2023,11,B,7B,12.0,active
22,2023–2024,2023,11,B,7B,12.0,active
23,2023–2024,2023,11,B,7B,12.0,active
24,2023–2024,2023,11,B,7B,12.0,active
25,2023–2024,2023,11,B,7B,12.0,active
26,2023–2024,2023,11,B,7B,12.0,active
27,2023–2024,2023,11,B,7B,12.0,active
28,2023–2024,2023,11,B,7B,12.0,active
29,2023–2024,2023,11,B,7B,12.0,active
30,2023–2024,2023,11,B,7B,12.0,active
31,2023–2024,2023,11,C,7C,12.0,active
32,2023–2024,2023,11,C,7C,12.0,active
33,2023–2024,2023,11,C,7C,12.0,active
34,2023–2024,2023,11,C,7C,12.0,active
35,2023–2024,2023,11,C,7C,12.0,active
36,2023–2024,2023,11,C,7C,12.0,active
37,2023–2024,2023,11,C,7C,12.0,active
38,2023–2024,2023,11,C,7C,12.0,active
39,2023–2024,2023,11,C,7C,12.0,active
40,2023–2024,2023,11,C,7C,12.0,active
43,2023–2024,2023,11,C,7C,12.0,active
44,2023–2024,2023,11,C,7C,12.0,active
45,2023–2024,2023,11,C,7C,12.0,active
46,2023–2024,2023,12,A,8A,,active
48,2023–2024,2023,12,A,8A,,active
49,2023–2024,2023,12,A,8A,,active
51,2023–2024,2023,12,A,8A,,active
52,2023–2024,2023,12,A,8A,,active
53,2023–2024,2023,12,A,8A,,active
54,2023–2024,2023,12,A,8A,,active
55,2023–2024,2023,12,A,8A,,active
56,2023–2024,2023,12,A,8A,,active
57,2023–2024,2023,12,A,8A,,active
58,2023–2024,2023,12,A,8A,,active
59,2023–2024,2023,12,A,8A,,active
61,2023–2024,2023,12,B,8B,,active
62,2023–2024,2023,12,B,8B,,active
63,2023–2024,2023,12,B,8B,,active
64,2023–2024,2023,12,B,8B,,active
65,2023–2024,2023,12,B,8B,,active
66,2023–2024,2023,12,B,8B,,active
67,2023–2024,2023,12,B,8B,,active
70,2023–2024,2023,12,B,8B,,active
71,2023–2024,2023,12,B,8B,,active
74,2023–2024,2023,12,B,8B,,active
75,2023–2024,2023,12,B,8B,,active
76,2023–2024,2023,12,C,8C,,active
77,2023–2024,2023,12,C,8C,,active
78,2023–2024,2023,12,C,8C,,active
80,2023–2024,2023,12,C,8C,,active
81,2023–2024,2023,12,C,8C,,active
83,2023–2024,2023,12,C,8C,,active
84,2023–2024,2023,12,C,8C,,active
85,2023–2024,2023,12,C,8C,,active
86,2023–2024,2023,12,C,8C,,active
87,2023–2024,2023,12,C,8C,,active
89,2023–2024,2023,12,C,8C,,active
271,2023–2024,2023,10,A,7A,11.0,active
272,2023–2024,2023,10,A,7A,11.0,active
273,2023–2024,2023,10,A,7A,11.0,active
274,2023–2024,2023,10,A,7A,11.0,active
275,2023–2024,2023,10,A,7A,11.0,active
277,2023–2024,2023,10,A,7A,11.0,active
278,2023–2024,2023,10,A,7A,11.0,active
279,2023–2024,2023,10,A,7A,11.0,active
280,2023–2024,2023,10,A,7A,11.0,active
281,2023–2024,2023,10,A,7A,11.0,active
282,2023–2024,2023,10,A,7A,11.0,active
283,2023–2024,2023,10,A,7A,11.0,active
284,2023–2024,2023,10,A,7A,11.0,active
285,2023–2024,2023,10,A,7A,11.0,active
286,2023–2024,2023,10,B,7B,11.0,active
287,2023–2024,2023,10,B,7B,11.0,active
288,2023–2024,2023,10,B,7B,11.0,active
289,2023–2024,2023,10,B,7B,11.0,active
290,2023–2024,2023,10,B,7B,11.0,active
292,2023–2024,2023,10,B,7B,11.0,active
293,2023–2024,2023,10,B,7B,11.0,active
294,2023–2024,2023,10,B,7B,11.0,active
295,2023–2024,2023,10,B,7B,11.0,active
296,2023–2024,2023,10,B,7B,11.0,active
297,2023–2024,2023,10,B,7B,11.0,active
298,2023–2024,2023,10,B,7B,11.0,active
299,2023–2024,2023,10,B,7B,11.0,active
300,2023–2024,2023,10,B,7B,11.0,active
302,2023–2024,2023,10,C,7C,11.0,active
304,2023–2024,2023,10,C,7C,11.0,active
305,2023–2024,2023,10,C,7C,11.0,active
306,2023–2024,2023,10,C,7C,11.0,active
307,2023–2024,2023,10,C,7C,11.0,active
308,2023–2024,2023,10,C,7C,11.0,active
309,2023–2024,2023,10,C,7C,11.0,active
310,2023–2024,2023,10,C,7C,11.0,active
312,2023–2024,2023,10,C,7C,11.0,active
313,2023–2024,2023,10,C,7C,11.0,active
314,2023–2024,2023,10,C,7C,11.0,active
315,2023–2024,2023,10,C,7C,11.0,active
316,2023–2024,2023,9,A,7A,10.0,active
317,2023–2024,2023,9,A,7A,10.0,active
318,2023–2024,2023,9,A,7A,10.0,active
319,2023–2024,2023,9,A,7A,10.0,active
320,2023–2024,2023,9,A,7A,10.0,active
321,2023–2024,2023,9,A,7A,10.0,active
322,2023–2024,2023,9,A,7A,10.0,active
323,2023–2024,2023,9,A,7A,10.0,active
324,2023–2024,2023,9,A,7A,10.0,active
325,2023–2024,2023,9,A,7A,10.0,active
326,2023–2024,2023,9,A,7A,10.0,active
327,2023–2024,2023,9,A,7A,10.0,active
328,2023–2024,2023,9,A,7A,10.0,active
329,2023–2024,2023,9,A,7A,10.0,active
330,2023–2024,2023,9,A,7A,10.0,active
331,2023–2024,2023,9,B,7B,10.0,active
332,2023–2024,2023,9,B,7B,10.0,active
333,2023–2024,2023,9,B,7B,10.0,active
334,2023–2024,2023,9,B,7B,10.0,active
335,2023–2024,2023,9,B,7B,10.0,active
336,2023–2024,2023,9,B,7B,10.0,active
337,2023–2024,2023,9,B,7B,10.0,active
338,2023–2024,2023,9,B,7B,10.0,active
339,2023–2024,2023,9,B,7B,10.0,active
340,2023–2024,2023,9,B,7B,10.0,active
341,2023–2024,2023,9,B,7B,10.0,active
342,2023–2024,2023,9,B,7B,10.0,active
343,2023–2024,2023,9,B,7B,10.0,active
344,2023–2024,2023,9,B,7B,10.0,active
345,2023–2024,2023,9,B,7B,10.0,active
346,2023–2024,2023,9,C,7C,10.0,active
347,2023–2024,2023,9,C,7C,10.0,active
348,2023–2024,2023,9,C,7C,10.0,active
349,2023–2024,2023,9,C,7C,10.0,active
351,2023–2024,2023,9,C,7C,10.0,active
352,2023–2024,2023,9,C,7C,10.0,active
353,2023–2024,2023,9,C,7C,10.0,active
354,2023–2024,2023,9,C,7C,10.0,active
355,2023–2024,2023,9,C,7C,10.0,active
356,2023–2024,2023,9,C,7C,10.0,active
357,2023–2024,2023,9,C,7C,10.0,active
358,2023–2024,2023,9,C,7C,10.0,active
359,2023–2024,2023,9,C,7C,10.0,active
360,2023–2024,2023,9,C,7C,10.0,active
361,2023–2024,2023,8,A,7A,9.0,active
362,2023–2024,2023,8,A,7A,9.0,active
363,2023–2024,2023,8,A,7A,9.0,active
364,2023–2024,2023,8,A,7A,9.0,active
365,2023–2024,2023,8,A,7A,9.0,active
366,2023–2024,2023,8,A,7A,9.0,active
367,2023–2024,2023,8,A,7A,9.0,active
368,2023–2024,2023,8,A,7A,9.0,active
369,2023–2024,2023,8,A,7A,9.0,active
371,2023–2024,2023,8,A,7A,9.0,active
372,2023–2024,2023,8,A,7A,9.0,active
373,2023–2024,2023,8,A,7A,9.0,active
374,2023–2024,2023,8,A,7A,9.0,active
375,2023–2024,2023,8,A,7A,9.0,active
376,2023–2024,2023,8,B,7B,9.0,active
377,2023–2024,2023,8,B,7B,9.0,active
378,2023–2024,2023,8,B,7B,9.0,active
380,2023–2024,2023,8,B,7B,9.0,active
381,2023–2024,2023,8,B,7B,9.0,active
382,2023–2024,2023,8,B,7B,9.0,active
383,2023–2024,2023,8,B,7B,9.0,active
384,2023–2024,2023,8,B,7B,9.0,active
385,2023–2024,2023,8,B,7B,9.0,active
386,2023–2024,2023,8,B,7B,9.0,active
387,2023–2024,2023,8,B,7B,9.0,active
388,2023–2024,2023,8,B,7B,9.0,active
389,2023–2024,2023,8,B,7B,9.0,active
390,2023–2024,2023,8,B,7B,9.0,active
391,2023–2024,2023,8,C,7C,9.0,active
392,2023–2024,2023,8,C,7C,9.0,active
393,2023–2024,2023,8,C,7C,9.0,active
394,2023–2024,2023,8,C,7C,9.0,active
395,2023–2024,2023,8,C,7C,9.0,active
396,2023–2024,2023,8,C,7C,9.0,active
397,2023–2024,2023,8,C,7C,9.0,active
398,2023–2024,2023,8,C,7C,9.0,active
399,2023–2024,2023,8,C,7C,9.0,active
400,2023–2024,2023,8,C,7C,9.0,active
401,2023–2024,2023,8,C,7C,9.0,active
402,2023–2024,2023,8,C,7C,9.0,active
403,2023–2024,2023,8,C,7C,9.0,active
405,2023–2024,2023,8,C,7C,9.0,active
406,2023–2024,2023,7,A,7A,8.0,active
407,2023–2024,2023,7,A,7A,8.0,active
408,2023–2024,2023,7,A,7A,8.0,active
409,2023–2024,2023,7,A,7A,8.0,active
410,2023–2024,2023,7,A,7A,8.0,active
411,2023–2024,2023,7,A,7A,8.0,active
412,2023–2024,2023,7,A,7A,8.0,active
413,2023–2024,2023,7,A,7A,8.0,active
414,2023–2024,2023,7,A,7A,8.0,active
415,2023–2024,2023,7,A,7A,8.0,active
416,2023–2024,2023,7,A,7A,8.0,active
417,2023–2024,2023,7,A,7A,8.0,active
418,2023–2024,2023,7,A,7A,8.0,active
419,2023–2024,2023,7,A,7A,8.0,active
420,2023–2024,2023,7,A,7A,8.0,active
421,2023–2024,2023,7,B,7B,8.0,active
422,2023–2024,2023,7,B,7B,8.0,active
423,2023–2024,2023,7,B,7B,8.0,active
424,2023–2024,2023,7,B,7B,8.0,active
425,2023–2024,2023,7,B,7B,8.0,active
426,2023–2024,2023,7,B,7B,8.0,active
427,2023–2024,2023,7,B,7B,8.0,active
428,2023–2024,2023,7,B,7B,8.0,active
429,2023–2024,2023,7,B,7B,8.0,active
430,2023–2024,2023,7,B,7B,8.0,active
431,2023–2024,2023,7,B,7B,8.0,active
432,2023–2024,2023,7,B,7B,8.0,active
433,2023–2024,2023,7,B,7B,8.0,active
434,2023–2024,2023,7,B,7B,8.0,active
435,2023–2024,2023,7,B,7B,8.0,active
436,2023–2024,2023,7,C,7C,8.0,active
437,2023–2024,2023,7,C,7C,8.0,active
438,2023–2024,2023,7,C,7C,8.0,active
439,2023–2024,2023,7,C,7C,8.0,active
440,2023–2024,2023,7,C,7C,8.0,active
441,2023–2024,2023,7,C,7C,8.0,active
442,2023–2024,2023,7,C,7C,8.0,active
443,2023–2024,2023,7,C,7C,8.0,active
444,2023–2024,2023,7,C,7C,8.0,active
445,2023–2024,2023,7,C,7C,8.0,active
446,2023–2024,2023,7,C,7C,8.0,active
447,2023–2024,2023,7,C,7C,8.0,active
448,2023–2024,2023,7,C,7C,8.0,active
449,2023–2024,2023,7,C,7C,8.0,active
450,2023–2024,2023,7,C,7C,8.0,active
1,2024–2025,2024,12,A,7A,,active
3,2024–2025,2024,12,A,7A,,active
4,2024–2025,2024,12,A,7A,,active
5,2024–2025,2024,12,A,7A,,active
6,2024–2025,2024,12,A,7A,,active
7,2024–2025,2024,12,A,7A,,active
8,2024–2025,2024,12,A,7A,,active
9,2024–2025,2024,12,A,7A,,active
11,2024–2025,2024,12,A,7A,,active
12,2024–2025,2024,12,A,7A,,active
14,2024–2025,2024,12,A,7A,,active
16,2024–2025,2024,12,B,7B,,active
17,2024–2025,2024,12,B,7B,,active
18,2024–2025,2024,12,B,7B,,active
19,2024–2025,2024,12,B,7B,,active
21,2024–2025,2024,12,B,7B,,active
22,2024–2025,2024,12,B,7B,,active
23,2024–2025,2024,12,B,7B,,active
24,2024–2025,2024,12,B,7B,,active
25,2024–2025,2024,12,B,7B,,active
26,2024–2025,2024,12,B,7B,,active
27,2024–2025,2024,12,B,7B,,active
28,2024–2025,2024,12,B,7B,,active
29,2024–2025,2024,12,B,7B,,active
30,2024–2025,2024,12,B,7B,,active
31,2024–2025,2024,12,C,7C,,active
32,2024–2025,2024,12,C,7C,,active
33,2024–2025,2024,12,C,7C,,active
35,2024–2025,2024,12,C,7C,,active
36,2024–2025,2024,12,C,7C,,active
37,2024–2025,2024,12,C,7C,,active
38,2024–2025,2024,12,C,7C,,active
39,2024–2025,2024,12,C,7C,,active
40,2024–2025,2024,12,C,7C,,active
43,2024–2025,2024,12,C,7C,,active
44,2024–2025,2024,12,C,7C,,active
45,2024–2025,2024,12,C,7C,,active
271,2024–2025,2024,11,A,7A,12.0,active
272,2024–2025,2024,11,A,7A,12.0,active
273,2024–2025,2024,11,A,7A,12.0,active
274,2024–2025,2024,11,A,7A,12.0,active
275,2024–2025,2024,11,A,7A,12.0,active
277,2024–2025,2024,11,A,7A,12.0,active
278,2024–2025,2024,11,A,7A,12.0,active
279,2024–2025,2024,11,A,7A,12.0,active
280,2024–2025,2024,11,A,7A,12.0,active
281,2024–2025,2024,11,A,7A,12.0,active
282,2024–2025,2024,11,A,7A,12.0,active
283,2024–2025,2024,11,A,7A,12.0,active
284,2024–2025,2024,11,A,7A,12.0,active
285,2024–2025,2024,11,A,7A,12.0,active
286,2024–2025,2024,11,B,7B,12.0,active
287,2024–2025,2024,11,B,7B,12.0,active
289,2024–2025,2024,11,B,7B,12.0,active
290,2024–2025,2024,11,B,7B,12.0,active
292,2024–2025,2024,11,B,7B,12.0,active
293,2024–2025,2024,11,B,7B,12.0,active
294,2024–2025,2024,11,B,7B,12.0,active
295,2024–2025,2024,11,B,7B,12.0,active
296,2024–2025,2024,11,B,7B,12.0,active
297,2024–2025,2024,11,B,7B,12.0,active
298,2024–2025,2024,11,B,7B,12.0,active
299,2024–2025,2024,11,B,7B,12.0,active
300,2024–2025,2024,11,B,7B,12.0,active
302,2024–2025,2024,11,C,7C,12.0,active
304,2024–2025,2024,11,C,7C,12.0,active
305,2024–2025,2024,11,C,7C,12.0,active
306,2024–2025,2024,11,C,7C,12.0,active
307,2024–2025,2024,11,C,7C,12.0,active
308,2024–2025,2024,11,C,7C,12.0,active
309,2024–2025,2024,11,C,7C,12.0,active
310,2024–2025,2024,11,C,7C,12.0,active
312,2024–2025,2024,11,C,7C,12.0,active
313,2024–2025,2024,11,C,7C,12.0,active
314,2024–2025,2024,11,C,7C,12.0,active
315,2024–2025,2024,11,C,7C,12.0,active
316,2024–2025,2024,10,A,7A,11.0,active
317,2024–2025,2024,10,A,7A,11.0,active
318,2024–2025,2024,10,A,7A,11.0,active
319,2024–2025,2024,10,A,7A,11.0,active
320,2024–2025,2024,10,A,7A,11.0,active
321,2024–2025,2024,10,A,7A,11.0,active
322,2024–2025,2024,10,A,7A,11.0,active
323,2024–2025,2024,10,A,7A,11.0,active
324,2024–2025,2024,10,A,7A,11.0,active
325,2024–2025,2024,10,A,7A,11.0,active
326,2024–2025,2024,10,A,7A,11.0,active
327,2024–2025,2024,10,A,7A,11.0,active
328,2024–2025,2024,10,A,7A,11.0,active
329,2024–2025,2024,10,A,7A,11.0,active
330,2024–2025,2024,10,A,7A,11.0,active
331,2024–2025,2024,10,B,7B,11.0,active
332,2024–2025,2024,10,B,7B,11.0,active
333,2024–2025,2024,10,B,7B,11.0,active
334,2024–2025,2024,10,B,7B,11.0,active
335,2024–2025,2024,10,B,7B,11.0,active
336,2024–2025,2024,10,B,7B,11.0,active
337,2024–2025,2024,10,B,7B,11.0,active
338,2024–2025,2024,10,B,7B,11.0,active
339,2024–2025,2024,10,B,7B,11.0,active
341,2024–2025,2024,10,B,7B,11.0,active
342,2024–2025,2024,10,B,7B,11.0,active
343,2024–2025,2024,10,B,7B,11.0,active
344,2024–2025,2024,10,B,7B,11.0,active
345,2024–2025,2024,10,B,7B,11.0,active
346,2024–2025,2024,10,C,7C,11.0,active
347,2024–2025,2024,10,C,7C,11.0,active
348,2024–2025,2024,10,C,7C,11.0,active
349,2024–2025,2024,10,C,7C,11.0,active
352,2024–2025,2024,10,C,7C,11.0,active
353,2024–2025,2024,10,C,7C,11.0,active
354,2024–2025,2024,10,C,7C,11.0,active
355,2024–2025,2024,10,C,7C,11.0,active
356,2024–2025,2024,10,C,7C,11.0,active
357,2024–2025,2024,10,C,7C,11.0,active
358,2024–2025,2024,10,C,7C,11.0,active
359,2024–2025,2024,10,C,7C,11.0,active
360,2024–2025,2024,10,C,7C,11.0,active
361,2024–2025,2024,9,A,7A,10.0,active
362,2024–2025,2024,9,A,7A,10.0,active
363,2024–2025,2024,9,A,7A,10.0,active
364,2024–2025,2024,9,A,7A,10.0,active
365,2024–2025,2024,9,A,7A,10.0,active
366,2024–2025,2024,9,A,7A,10.0,active
367,2024–2025,2024,9,A,7A,10.0,active
368,2024–2025,2024,9,A,7A,10.0,active
369,2024–2025,2024,9,A,7A,10.0,active
371,2024–2025,2024,9,A,7A,10.0,active
372,2024–2025,2024,9,A,7A,10.0,active
373,2024–2025,2024,9,A,7A,10.0,active
374,2024–2025,2024,9,A,7A,10.0,active
375,2024–2025,2024,9,A,7A,10.0,active
376,2024–2025,2024,9,B,7B,10.0,active
377,2024–2025,2024,9,B,7B,10.0,active
378,2024–2025,2024,9,B,7B,10.0,active
380,2024–2025,2024,9,B,7B,10.0,active
381,2024–2025,2024,9,B,7B,10.0,active
383,2024–2025,2024,9,B,7B,10.0,active
384,2024–2025,2024,9,B,7B,10.0,active
385,2024–2025,2024,9,B,7B,10.0,active
386,2024–2025,2024,9,B,7B,10.0,active
387,2024–2025,2024,9,B,7B,10.0,active
388,2024–2025,2024,9,B,7B,10.0,active
389,2024–2025,2024,9,B,7B,10.0,active
390,2024–2025,2024,9,B,7B,10.0,active
391,2024–2025,2024,9,C,7C,10.0,active
392,2024–2025,2024,9,C,7C,10.0,active
393,2024–2025,2024,9,C,7C,10.0,active
394,2024–2025,2024,9,C,7C,10.0,active
395,2024–2025,2024,9,C,7C,10.0,active
396,2024–2025,2024,9,C,7C,10.0,active
397,2024–2025,2024,9,C,7C,10.0,active
398,2024–2025,2024,9,C,7C,10.0,active
399,2024–2025,2024,9,C,7C,10.0,active
401,2024–2025,2024,9,C,7C,10.0,active
402,2024–2025,2024,9,C,7C,10.0,active
403,2024–2025,2024,9,C,7C,10.0,active
405,2024–2025,2024,9,C,7C,10.0,active
406,2024–2025,2024,8,A,7A,9.0,active
407,2024–2025,2024,8,A,7A,9.0,active
408,2024–2025,2024,8,A,7A,9.0,active
409,2024–2025,2024,8,A,7A,9.0,active
410,2024–2025,2024,8,A,7A,9.0,active
411,2024–2025,2024,8,A,7A,9.0,active
412,2024–2025,2024,8,A,7A,9.0,active
413,2024–2025,2024,8,A,7A,9.0,active
415,2024–2025,2024,8,A,7A,9.0,active
416,2024–2025,2024,8,A,7A,9.0,active
417,2024–2025,2024,8,A,7A,9.0,active
418,2024–2025,2024,8,A,7A,9.0,active
419,2024–2025,2024,8,A,7A,9.0,active
420,2024–2025,2024,8,A,7A,9.0,active
423,2024–2025,2024,8,B,7B,9.0,active
424,2024–2025,2024,8,B,7B,9.0,active
425,2024–2025,2024,8,B,7B,9.0,active
426,2024–2025,2024,8,B,7B,9.0,active
427,2024–2025,2024,8,B,7B,9.0,active
428,2024–2025,2024,8,B,7B,9.0,active
429,2024–2025,2024,8,B,7B,9.0,active
430,2024–2025,2024,8,B,7B,9.0,active
431,2024–2025,2024,8,B,7B,9.0,active
432,2024–2025,2024,8,B,7B,9.0,active
433,2024–2025,2024,8,B,7B,9.0,active
434,2024–2025,2024,8,B,7B,9.0,active
435,2024–2025,2024,8,B,7B,9.0,active
436,2024–2025,2024,8,C,7C,9.0,active
438,2024–2025,2024,8,C,7C,9.0,active
439,2024–2025,2024,8,C,7C,9.0,active
440,2024–2025,2024,8,C,7C,9.0,active
441,2024–2025,2024,8,C,7C,9.0,active
442,2024–2025,2024,8,C,7C,9.0,active
443,2024–2025,2024,8,C,7C,9.0,active
444,2024–2025,2024,8,C,7C,9.0,active
445,2024–2025,2024,8,C,7C,9.0,active
446,2024–2025,2024,8,C,7C,9.0,active
447,2024–2025,2024,8,C,7C,9.0,active
448,2024–2025,2024,8,C,7C,9.0,active
449,2024–2025,2024,8,C,7C,9.0,active
450,2024–2025,2024,8,C,7C,9.0,active
451,2024–2025,2024,7,A,7A,8.0,active
452,2024–2025,2024,7,A,7A,8.0,active
453,2024–2025,2024,7,A,7A,8.0,active
454,2024–2025,2024,7,A,7A,8.0,active
455,2024–2025,2024,7,A,7A,8.0,active
456,2024–2025,2024,7,A,7A,8.0,active
457,2024–2025,2024,7,A,7A,8.0,active
458,2024–2025,2024,7,A,7A,8.0,active
459,2024–2025,2024,7,A,7A,8.0,active
460,2024–2025,2024,7,A,7A,8.0,active
461,2024–2025,2024,7,A,7A,8.0,active
462,2024–2025,2024,7,A,7A,8.0,active
463,2024–2025,2024,7,A,7A,8.0,active
464,2024–2025,2024,7,A,7A,8.0,active
465,2024–2025,2024,7,A,7A,8.0,active
466,2024–2025,2024,7,B,7B,8.0,active
467,2024–2025,2024,7,B,7B,8.0,active
468,2024–2025,2024,7,B,7B,8.0,active
469,2024–2025,2024,7,B,7B,8.0,active
470,2024–2025,2024,7,B,7B,8.0,active
471,2024–2025,2024,7,B,7B,8.0,active
472,2024–2025,2024,7,B,7B,8.0,active
473,2024–2025,2024,7,B,7B,8.0,active
474,2024–2025,2024,7,B,7B,8.0,active
475,2024–2025,2024,7,B,7B,8.0,active
476,2024–2025,2024,7,B,7B,8.0,active
477,2024–2025,2024,7,B,7B,8.0,active
478,2024–2025,2024,7,B,7B,8.0,active
479,2024–2025,2024,7,B,7B,8.0,active
480,2024–2025,2024,7,B,7B,8.0,active
481,2024–2025,2024,7,C,7C,8.0,active
482,2024–2025,2024,7,C,7C,8.0,active
483,2024–2025,2024,7,C,7C,8.0,active
484,2024–2025,2024,7,C,7C,8.0,active
485,2024–2025,2024,7,C,7C,8.0,active
486,2024–2025,2024,7,C,7C,8.0,active
487,2024–2025,2024,7,C,7C,8.0,active
488,2024–2025,2024,7,C,7C,8.0,active
489,2024–2025,2024,7,C,7C,8.0,active
490,2024–2025,2024,7,C,7C,8.0,active
491,2024–2025,2024,7,C,7C,8.0,active
492,2024–2025,2024,7,C,7C,8.0,active
493,2024–2025,2024,7,C,7C,8.0,active
494,2024–2025,2024,7,C,7C,8.0,active
495,2024–2025,2024,7,C,7C,8.0,active
