student_id,academic_year,cohort,start_cohort,sub_cohort,status
30d7ca8c-87c5-490c-ac6a-fd4167ed38e3,2019-2020,7,7,A,active
30d7ca8c-87c5-490c-ac6a-fd4167ed38e3,2020-2021,8,7,A,active
30d7ca8c-87c5-490c-ac6a-fd4167ed38e3,2021-2022,9,7,A,active
30d7ca8c-87c5-490c-ac6a-fd4167ed38e3,2022-2023,10,7,A,active
30d7ca8c-87c5-490c-ac6a-fd4167ed38e3,2023-2024,11,7,A,active
30d7ca8c-87c5-490c-ac6a-fd4167ed38e3,2024-2025,12,7,A,active
eac1ea9a-0742-44fa-b3b3-6b7346f3d161,2019-2020,7,7,A,active
eac1ea9a-0742-44fa-b3b3-6b7346f3d161,2020-2021,8,7,A,active
eac1ea9a-0742-44fa-b3b3-6b7346f3d161,2021-2022,9,7,A,active
eac1ea9a-0742-44fa-b3b3-6b7346f3d161,2022-2023,10,7,A,active
eac1ea9a-0742-44fa-b3b3-6b7346f3d161,2023-2024,11,7,A,active
eac1ea9a-0742-44fa-b3b3-6b7346f3d161,2024-2025,12,7,A,active
4ba2bca0-bf43-485b-aa16-6f6ad5b7e509,2019-2020,7,7,A,active
4ba2bca0-bf43-485b-aa16-6f6ad5b7e509,2020-2021,8,7,A,active
4ba2bca0-bf43-485b-aa16-6f6ad5b7e509,2021-2022,9,7,A,active
4ba2bca0-bf43-485b-aa16-6f6ad5b7e509,2022-2023,10,7,A,active
4ba2bca0-bf43-485b-aa16-6f6ad5b7e509,2023-2024,11,7,A,active
4ba2bca0-bf43-485b-aa16-6f6ad5b7e509,2024-2025,12,7,A,active
b2b56eeb-6544-449d-8501-38c81fd1a64c,2019-2020,7,7,A,active
b2b56eeb-6544-449d-8501-38c81fd1a64c,2020-2021,8,7,A,active
b2b56eeb-6544-449d-8501-38c81fd1a64c,2021-2022,9,7,A,active
b2b56eeb-6544-449d-8501-38c81fd1a64c,2022-2023,10,7,A,active
b2b56eeb-6544-449d-8501-38c81fd1a64c,2023-2024,11,7,A,active
b2b56eeb-6544-449d-8501-38c81fd1a64c,2024-2025,12,7,A,active
cb89fc48-9013-42a3-9477-eed170e1a12e,2019-2020,7,7,A,active
cb89fc48-9013-42a3-9477-eed170e1a12e,2020-2021,8,7,A,active
cb89fc48-9013-42a3-9477-eed170e1a12e,2021-2022,9,7,A,active
cb89fc48-9013-42a3-9477-eed170e1a12e,2022-2023,10,7,A,active
cb89fc48-9013-42a3-9477-eed170e1a12e,2023-2024,11,7,A,active
cb89fc48-9013-42a3-9477-eed170e1a12e,2024-2025,12,7,A,active
354a839f-d05b-4578-8c90-4851b6d266bd,2019-2020,7,7,A,active
354a839f-d05b-4578-8c90-4851b6d266bd,2020-2021,8,7,A,active
354a839f-d05b-4578-8c90-4851b6d266bd,2021-2022,9,7,A,active
354a839f-d05b-4578-8c90-4851b6d266bd,2022-2023,10,7,A,active
354a839f-d05b-4578-8c90-4851b6d266bd,2023-2024,11,7,A,active
354a839f-d05b-4578-8c90-4851b6d266bd,2024-2025,12,7,A,active
acd1a447-c14e-4f08-837f-fe349cab58aa,2019-2020,7,7,A,active
acd1a447-c14e-4f08-837f-fe349cab58aa,2020-2021,8,7,A,active
acd1a447-c14e-4f08-837f-fe349cab58aa,2021-2022,9,7,A,active
acd1a447-c14e-4f08-837f-fe349cab58aa,2022-2023,10,7,A,active
acd1a447-c14e-4f08-837f-fe349cab58aa,2023-2024,11,7,A,active
acd1a447-c14e-4f08-837f-fe349cab58aa,2024-2025,12,7,A,active
fe4ab165-3b16-4bd6-a51d-caaeb37ede92,2019-2020,7,7,A,active
fe4ab165-3b16-4bd6-a51d-caaeb37ede92,2020-2021,8,7,A,active
fe4ab165-3b16-4bd6-a51d-caaeb37ede92,2021-2022,9,7,A,active
fe4ab165-3b16-4bd6-a51d-caaeb37ede92,2022-2023,10,7,A,active
fe4ab165-3b16-4bd6-a51d-caaeb37ede92,2023-2024,11,7,A,active
fe4ab165-3b16-4bd6-a51d-caaeb37ede92,2024-2025,12,7,A,active
8c0e1e01-8cb0-418d-b2bc-1ae4b13d70d8,2019-2020,7,7,A,active
8c0e1e01-8cb0-418d-b2bc-1ae4b13d70d8,2020-2021,8,7,A,active
8c0e1e01-8cb0-418d-b2bc-1ae4b13d70d8,2021-2022,9,7,A,active
8c0e1e01-8cb0-418d-b2bc-1ae4b13d70d8,2022-2023,10,7,A,active
8c0e1e01-8cb0-418d-b2bc-1ae4b13d70d8,2023-2024,11,7,A,active
8c0e1e01-8cb0-418d-b2bc-1ae4b13d70d8,2024-2025,12,7,A,active
0565ea1d-08d5-41b8-826c-73b31153a0f1,2019-2020,7,7,A,active
0565ea1d-08d5-41b8-826c-73b31153a0f1,2020-2021,8,7,A,active
0565ea1d-08d5-41b8-826c-73b31153a0f1,2021-2022,9,7,A,active
0565ea1d-08d5-41b8-826c-73b31153a0f1,2022-2023,10,7,A,active
0565ea1d-08d5-41b8-826c-73b31153a0f1,2023-2024,11,7,A,active
0565ea1d-08d5-41b8-826c-73b31153a0f1,2024-2025,12,7,A,active
247f6ec8-a1a3-4e95-bbd7-8e7443f67dcf,2019-2020,7,7,A,active
247f6ec8-a1a3-4e95-bbd7-8e7443f67dcf,2020-2021,8,7,A,active
247f6ec8-a1a3-4e95-bbd7-8e7443f67dcf,2021-2022,9,7,A,active
247f6ec8-a1a3-4e95-bbd7-8e7443f67dcf,2022-2023,10,7,A,active
247f6ec8-a1a3-4e95-bbd7-8e7443f67dcf,2023-2024,11,7,A,active
247f6ec8-a1a3-4e95-bbd7-8e7443f67dcf,2024-2025,12,7,A,active
0b8dca40-6354-4d3a-9c93-fb1d42e8a06d,2019-2020,7,7,A,active
0b8dca40-6354-4d3a-9c93-fb1d42e8a06d,2020-2021,8,7,A,active
0b8dca40-6354-4d3a-9c93-fb1d42e8a06d,2021-2022,9,7,A,active
0b8dca40-6354-4d3a-9c93-fb1d42e8a06d,2022-2023,10,7,A,active
0b8dca40-6354-4d3a-9c93-fb1d42e8a06d,2023-2024,11,7,A,active
0b8dca40-6354-4d3a-9c93-fb1d42e8a06d,2024-2025,12,7,A,active
f628b27f-2ad8-48fa-a9c2-b19d2fd3827b,2019-2020,7,7,A,active
f628b27f-2ad8-48fa-a9c2-b19d2fd3827b,2020-2021,8,7,A,active
f628b27f-2ad8-48fa-a9c2-b19d2fd3827b,2021-2022,9,7,A,active
f628b27f-2ad8-48fa-a9c2-b19d2fd3827b,2022-2023,10,7,A,active
f628b27f-2ad8-48fa-a9c2-b19d2fd3827b,2023-2024,11,7,A,active
f628b27f-2ad8-48fa-a9c2-b19d2fd3827b,2024-2025,12,7,A,active
696b60ac-df8d-4081-98cb-9761056e89f6,2019-2020,7,7,A,active
696b60ac-df8d-4081-98cb-9761056e89f6,2020-2021,8,7,A,active
696b60ac-df8d-4081-98cb-9761056e89f6,2021-2022,9,7,A,active
696b60ac-df8d-4081-98cb-9761056e89f6,2022-2023,10,7,A,active
696b60ac-df8d-4081-98cb-9761056e89f6,2023-2024,11,7,A,active
696b60ac-df8d-4081-98cb-9761056e89f6,2024-2025,12,7,A,active
6c93312a-0517-42a4-bb0c-e708d1a92c2b,2019-2020,7,7,A,active
6c93312a-0517-42a4-bb0c-e708d1a92c2b,2020-2021,8,7,A,active
6c93312a-0517-42a4-bb0c-e708d1a92c2b,2021-2022,9,7,A,active
6c93312a-0517-42a4-bb0c-e708d1a92c2b,2022-2023,10,7,A,active
6c93312a-0517-42a4-bb0c-e708d1a92c2b,2023-2024,11,7,A,active
6c93312a-0517-42a4-bb0c-e708d1a92c2b,2024-2025,12,7,A,active
baa42367-c613-4e21-bd73-b945a6850ba0,2019-2020,7,7,B,active
baa42367-c613-4e21-bd73-b945a6850ba0,2020-2021,8,7,B,active
baa42367-c613-4e21-bd73-b945a6850ba0,2021-2022,9,7,B,active
baa42367-c613-4e21-bd73-b945a6850ba0,2022-2023,10,7,B,active
baa42367-c613-4e21-bd73-b945a6850ba0,2023-2024,11,7,B,active
baa42367-c613-4e21-bd73-b945a6850ba0,2024-2025,12,7,B,active
c2882cc9-a299-4256-9cb6-0e5141bbd88f,2019-2020,7,7,B,active
c2882cc9-a299-4256-9cb6-0e5141bbd88f,2020-2021,8,7,B,active
c2882cc9-a299-4256-9cb6-0e5141bbd88f,2021-2022,9,7,B,active
c2882cc9-a299-4256-9cb6-0e5141bbd88f,2022-2023,10,7,B,active
c2882cc9-a299-4256-9cb6-0e5141bbd88f,2023-2024,11,7,B,active
c2882cc9-a299-4256-9cb6-0e5141bbd88f,2024-2025,12,7,B,active
beae2e38-0c59-4063-a3ff-bcae1e0c94d2,2019-2020,7,7,B,active
beae2e38-0c59-4063-a3ff-bcae1e0c94d2,2020-2021,8,7,B,active
beae2e38-0c59-4063-a3ff-bcae1e0c94d2,2021-2022,9,7,B,active
beae2e38-0c59-4063-a3ff-bcae1e0c94d2,2022-2023,10,7,B,active
beae2e38-0c59-4063-a3ff-bcae1e0c94d2,2023-2024,11,7,B,active
beae2e38-0c59-4063-a3ff-bcae1e0c94d2,2024-2025,12,7,B,active
4170287a-1dba-4c06-b9a6-a4715d9aff04,2019-2020,7,7,B,active
4170287a-1dba-4c06-b9a6-a4715d9aff04,2020-2021,8,7,B,active
4170287a-1dba-4c06-b9a6-a4715d9aff04,2021-2022,9,7,B,active
4170287a-1dba-4c06-b9a6-a4715d9aff04,2022-2023,10,7,B,active
4170287a-1dba-4c06-b9a6-a4715d9aff04,2023-2024,11,7,B,active
4170287a-1dba-4c06-b9a6-a4715d9aff04,2024-2025,12,7,B,active
23beb5c2-c86a-428a-85a3-9cb9fbe9c389,2019-2020,7,7,B,active
23beb5c2-c86a-428a-85a3-9cb9fbe9c389,2020-2021,8,7,B,active
23beb5c2-c86a-428a-85a3-9cb9fbe9c389,2021-2022,9,7,B,active
23beb5c2-c86a-428a-85a3-9cb9fbe9c389,2022-2023,10,7,B,active
23beb5c2-c86a-428a-85a3-9cb9fbe9c389,2023-2024,11,7,B,active
23beb5c2-c86a-428a-85a3-9cb9fbe9c389,2024-2025,12,7,B,active
a2b8594d-fd49-436d-a030-0f6154787662,2019-2020,7,7,B,active
a2b8594d-fd49-436d-a030-0f6154787662,2020-2021,8,7,B,active
a2b8594d-fd49-436d-a030-0f6154787662,2021-2022,9,7,B,active
a2b8594d-fd49-436d-a030-0f6154787662,2022-2023,10,7,B,active
a2b8594d-fd49-436d-a030-0f6154787662,2023-2024,11,7,B,active
a2b8594d-fd49-436d-a030-0f6154787662,2024-2025,12,7,B,active
35e0c7e6-0068-452f-9972-3a2a509028dc,2019-2020,7,7,B,active
35e0c7e6-0068-452f-9972-3a2a509028dc,2020-2021,8,7,B,active
35e0c7e6-0068-452f-9972-3a2a509028dc,2021-2022,9,7,B,active
35e0c7e6-0068-452f-9972-3a2a509028dc,2022-2023,10,7,B,active
35e0c7e6-0068-452f-9972-3a2a509028dc,2023-2024,11,7,B,active
35e0c7e6-0068-452f-9972-3a2a509028dc,2024-2025,12,7,B,active
f01d2976-14b0-47d4-ac0a-947335be7d1b,2019-2020,7,7,B,active
f01d2976-14b0-47d4-ac0a-947335be7d1b,2020-2021,8,7,B,active
f01d2976-14b0-47d4-ac0a-947335be7d1b,2021-2022,9,7,B,active
f01d2976-14b0-47d4-ac0a-947335be7d1b,2022-2023,10,7,B,active
f01d2976-14b0-47d4-ac0a-947335be7d1b,2023-2024,11,7,B,active
f01d2976-14b0-47d4-ac0a-947335be7d1b,2024-2025,12,7,B,active
4bd58e00-2fec-44cf-ac7b-2a2266414a38,2019-2020,7,7,B,active
4bd58e00-2fec-44cf-ac7b-2a2266414a38,2020-2021,8,7,B,active
4bd58e00-2fec-44cf-ac7b-2a2266414a38,2021-2022,9,7,B,active
4bd58e00-2fec-44cf-ac7b-2a2266414a38,2022-2023,10,7,B,active
4bd58e00-2fec-44cf-ac7b-2a2266414a38,2023-2024,11,7,B,active
4bd58e00-2fec-44cf-ac7b-2a2266414a38,2024-2025,12,7,B,active
933d7bcf-2e25-4047-ba08-efb85aa23d02,2019-2020,7,7,B,active
933d7bcf-2e25-4047-ba08-efb85aa23d02,2020-2021,8,7,B,active
933d7bcf-2e25-4047-ba08-efb85aa23d02,2021-2022,9,7,B,active
933d7bcf-2e25-4047-ba08-efb85aa23d02,2022-2023,10,7,B,active
933d7bcf-2e25-4047-ba08-efb85aa23d02,2023-2024,11,7,B,active
933d7bcf-2e25-4047-ba08-efb85aa23d02,2024-2025,12,7,B,active
3a6c9135-b811-45d7-8f13-96aff186fdd7,2019-2020,7,7,B,active
3a6c9135-b811-45d7-8f13-96aff186fdd7,2020-2021,8,7,B,active
3a6c9135-b811-45d7-8f13-96aff186fdd7,2021-2022,9,7,B,active
3a6c9135-b811-45d7-8f13-96aff186fdd7,2022-2023,10,7,B,active
3a6c9135-b811-45d7-8f13-96aff186fdd7,2023-2024,11,7,B,active
3a6c9135-b811-45d7-8f13-96aff186fdd7,2024-2025,12,7,B,active
19e7bb52-a242-408a-b54f-f0c82b5e8a78,2019-2020,7,7,B,active
19e7bb52-a242-408a-b54f-f0c82b5e8a78,2020-2021,8,7,B,active
19e7bb52-a242-408a-b54f-f0c82b5e8a78,2021-2022,9,7,B,active
19e7bb52-a242-408a-b54f-f0c82b5e8a78,2022-2023,10,7,B,active
19e7bb52-a242-408a-b54f-f0c82b5e8a78,2023-2024,11,7,B,active
19e7bb52-a242-408a-b54f-f0c82b5e8a78,2024-2025,12,7,B,active
92f89a73-9ace-454d-976c-45ffb4595629,2019-2020,7,7,B,active
92f89a73-9ace-454d-976c-45ffb4595629,2020-2021,8,7,B,active
92f89a73-9ace-454d-976c-45ffb4595629,2021-2022,9,7,B,active
92f89a73-9ace-454d-976c-45ffb4595629,2022-2023,10,7,B,active
92f89a73-9ace-454d-976c-45ffb4595629,2023-2024,11,7,B,active
92f89a73-9ace-454d-976c-45ffb4595629,2024-2025,12,7,B,active
4dd27636-923a-4883-ad52-e8a5002f4fb9,2019-2020,7,7,B,active
4dd27636-923a-4883-ad52-e8a5002f4fb9,2020-2021,8,7,B,active
4dd27636-923a-4883-ad52-e8a5002f4fb9,2021-2022,9,7,B,active
4dd27636-923a-4883-ad52-e8a5002f4fb9,2022-2023,10,7,B,active
4dd27636-923a-4883-ad52-e8a5002f4fb9,2023-2024,11,7,B,active
4dd27636-923a-4883-ad52-e8a5002f4fb9,2024-2025,12,7,B,active
a854d0aa-a34b-4095-bbdf-08d6bf1cc227,2019-2020,7,7,B,active
a854d0aa-a34b-4095-bbdf-08d6bf1cc227,2020-2021,8,7,B,active
a854d0aa-a34b-4095-bbdf-08d6bf1cc227,2021-2022,9,7,B,active
a854d0aa-a34b-4095-bbdf-08d6bf1cc227,2022-2023,10,7,B,active
a854d0aa-a34b-4095-bbdf-08d6bf1cc227,2023-2024,11,7,B,active
a854d0aa-a34b-4095-bbdf-08d6bf1cc227,2024-2025,12,7,B,active
70bb1218-b8ad-4842-8f23-dfcb944be9dd,2019-2020,7,7,C,active
70bb1218-b8ad-4842-8f23-dfcb944be9dd,2020-2021,8,7,C,active
70bb1218-b8ad-4842-8f23-dfcb944be9dd,2021-2022,9,7,C,active
70bb1218-b8ad-4842-8f23-dfcb944be9dd,2022-2023,10,7,C,active
70bb1218-b8ad-4842-8f23-dfcb944be9dd,2023-2024,11,7,C,active
70bb1218-b8ad-4842-8f23-dfcb944be9dd,2024-2025,12,7,C,active
40cca0ac-78f1-47e8-9dc0-84b6a86a5e46,2019-2020,7,7,C,active
40cca0ac-78f1-47e8-9dc0-84b6a86a5e46,2020-2021,8,7,C,active
40cca0ac-78f1-47e8-9dc0-84b6a86a5e46,2021-2022,9,7,C,active
40cca0ac-78f1-47e8-9dc0-84b6a86a5e46,2022-2023,10,7,C,active
40cca0ac-78f1-47e8-9dc0-84b6a86a5e46,2023-2024,11,7,C,active
40cca0ac-78f1-47e8-9dc0-84b6a86a5e46,2024-2025,12,7,C,active
701acbed-cf4a-4ec0-b05d-bcdbf246dd5e,2019-2020,7,7,C,active
701acbed-cf4a-4ec0-b05d-bcdbf246dd5e,2020-2021,8,7,C,active
701acbed-cf4a-4ec0-b05d-bcdbf246dd5e,2021-2022,9,7,C,active
701acbed-cf4a-4ec0-b05d-bcdbf246dd5e,2022-2023,10,7,C,active
701acbed-cf4a-4ec0-b05d-bcdbf246dd5e,2023-2024,11,7,C,active
701acbed-cf4a-4ec0-b05d-bcdbf246dd5e,2024-2025,12,7,C,active
ae938fd8-f635-4a4a-86f8-43bf5c31b700,2019-2020,7,7,C,active
ae938fd8-f635-4a4a-86f8-43bf5c31b700,2020-2021,8,7,C,active
ae938fd8-f635-4a4a-86f8-43bf5c31b700,2021-2022,9,7,C,active
ae938fd8-f635-4a4a-86f8-43bf5c31b700,2022-2023,10,7,C,active
ae938fd8-f635-4a4a-86f8-43bf5c31b700,2023-2024,11,7,C,active
ae938fd8-f635-4a4a-86f8-43bf5c31b700,2024-2025,12,7,C,active
f3c87fd8-b238-4540-bedb-fec1a5623589,2019-2020,7,7,C,active
f3c87fd8-b238-4540-bedb-fec1a5623589,2020-2021,8,7,C,active
f3c87fd8-b238-4540-bedb-fec1a5623589,2021-2022,9,7,C,active
f3c87fd8-b238-4540-bedb-fec1a5623589,2022-2023,10,7,C,active
f3c87fd8-b238-4540-bedb-fec1a5623589,2023-2024,11,7,C,active
f3c87fd8-b238-4540-bedb-fec1a5623589,2024-2025,12,7,C,active
4da7c990-41a9-49f4-96a6-9d6e3ead39b6,2019-2020,7,7,C,active
4da7c990-41a9-49f4-96a6-9d6e3ead39b6,2020-2021,8,7,C,active
4da7c990-41a9-49f4-96a6-9d6e3ead39b6,2021-2022,9,7,C,active
4da7c990-41a9-49f4-96a6-9d6e3ead39b6,2022-2023,10,7,C,active
4da7c990-41a9-49f4-96a6-9d6e3ead39b6,2023-2024,11,7,C,active
4da7c990-41a9-49f4-96a6-9d6e3ead39b6,2024-2025,12,7,C,active
a8d4b824-f8fd-45c8-95ae-f466575f1388,2019-2020,7,7,C,active
a8d4b824-f8fd-45c8-95ae-f466575f1388,2020-2021,8,7,C,active
a8d4b824-f8fd-45c8-95ae-f466575f1388,2021-2022,9,7,C,active
a8d4b824-f8fd-45c8-95ae-f466575f1388,2022-2023,10,7,C,active
a8d4b824-f8fd-45c8-95ae-f466575f1388,2023-2024,11,7,C,active
a8d4b824-f8fd-45c8-95ae-f466575f1388,2024-2025,12,7,C,active
ece2acfb-d561-4e8f-99f2-c550a67196ac,2019-2020,7,7,C,active
ece2acfb-d561-4e8f-99f2-c550a67196ac,2020-2021,8,7,C,active
ece2acfb-d561-4e8f-99f2-c550a67196ac,2021-2022,9,7,C,active
ece2acfb-d561-4e8f-99f2-c550a67196ac,2022-2023,10,7,C,active
ece2acfb-d561-4e8f-99f2-c550a67196ac,2023-2024,11,7,C,active
ece2acfb-d561-4e8f-99f2-c550a67196ac,2024-2025,12,7,C,active
602cfa65-598a-4d30-b839-0816c7ab5a5f,2019-2020,7,7,C,active
602cfa65-598a-4d30-b839-0816c7ab5a5f,2020-2021,8,7,C,active
602cfa65-598a-4d30-b839-0816c7ab5a5f,2021-2022,9,7,C,active
602cfa65-598a-4d30-b839-0816c7ab5a5f,2022-2023,10,7,C,active
602cfa65-598a-4d30-b839-0816c7ab5a5f,2023-2024,11,7,C,active
602cfa65-598a-4d30-b839-0816c7ab5a5f,2024-2025,12,7,C,active
02ec1f8c-cb16-4af4-83dc-0c4f8f5f2569,2019-2020,7,7,C,active
02ec1f8c-cb16-4af4-83dc-0c4f8f5f2569,2020-2021,8,7,C,active
02ec1f8c-cb16-4af4-83dc-0c4f8f5f2569,2021-2022,9,7,C,active
02ec1f8c-cb16-4af4-83dc-0c4f8f5f2569,2022-2023,10,7,C,active
02ec1f8c-cb16-4af4-83dc-0c4f8f5f2569,2023-2024,11,7,C,active
02ec1f8c-cb16-4af4-83dc-0c4f8f5f2569,2024-2025,12,7,C,active
c42c9d21-7181-4691-8814-a5b23c90c8db,2019-2020,7,7,C,active
c42c9d21-7181-4691-8814-a5b23c90c8db,2020-2021,8,7,C,active
c42c9d21-7181-4691-8814-a5b23c90c8db,2021-2022,9,7,C,active
c42c9d21-7181-4691-8814-a5b23c90c8db,2022-2023,10,7,C,active
c42c9d21-7181-4691-8814-a5b23c90c8db,2023-2024,11,7,C,active
c42c9d21-7181-4691-8814-a5b23c90c8db,2024-2025,12,7,C,active
aac29761-14a6-4a6d-ac61-a7ecd901d2a7,2019-2020,7,7,C,active
aac29761-14a6-4a6d-ac61-a7ecd901d2a7,2020-2021,8,7,C,active
aac29761-14a6-4a6d-ac61-a7ecd901d2a7,2021-2022,9,7,C,active
aac29761-14a6-4a6d-ac61-a7ecd901d2a7,2022-2023,10,7,C,active
aac29761-14a6-4a6d-ac61-a7ecd901d2a7,2023-2024,11,7,C,active
aac29761-14a6-4a6d-ac61-a7ecd901d2a7,2024-2025,12,7,C,active
bde6b5ba-c610-4d66-beec-5af8451c169d,2019-2020,7,7,C,active
bde6b5ba-c610-4d66-beec-5af8451c169d,2020-2021,8,7,C,active
bde6b5ba-c610-4d66-beec-5af8451c169d,2021-2022,9,7,C,active
bde6b5ba-c610-4d66-beec-5af8451c169d,2022-2023,10,7,C,active
bde6b5ba-c610-4d66-beec-5af8451c169d,2023-2024,11,7,C,active
bde6b5ba-c610-4d66-beec-5af8451c169d,2024-2025,12,7,C,active
218e2ec0-6996-4855-aaf6-7159b0a61c4f,2019-2020,7,7,C,active
218e2ec0-6996-4855-aaf6-7159b0a61c4f,2020-2021,8,7,C,active
218e2ec0-6996-4855-aaf6-7159b0a61c4f,2021-2022,9,7,C,active
218e2ec0-6996-4855-aaf6-7159b0a61c4f,2022-2023,10,7,C,active
218e2ec0-6996-4855-aaf6-7159b0a61c4f,2023-2024,11,7,C,active
218e2ec0-6996-4855-aaf6-7159b0a61c4f,2024-2025,12,7,C,active
1f951402-9337-422f-8372-51d3d26e771c,2019-2020,7,7,C,active
1f951402-9337-422f-8372-51d3d26e771c,2020-2021,8,7,C,active
1f951402-9337-422f-8372-51d3d26e771c,2021-2022,9,7,C,active
1f951402-9337-422f-8372-51d3d26e771c,2022-2023,10,7,C,active
1f951402-9337-422f-8372-51d3d26e771c,2023-2024,11,7,C,active
1f951402-9337-422f-8372-51d3d26e771c,2024-2025,12,7,C,active
c5596d5d-481c-4136-b1a9-f223276a2c89,2020-2021,7,7,A,active
c5596d5d-481c-4136-b1a9-f223276a2c89,2021-2022,8,7,A,active
c5596d5d-481c-4136-b1a9-f223276a2c89,2022-2023,9,7,A,active
c5596d5d-481c-4136-b1a9-f223276a2c89,2023-2024,10,7,A,active
c5596d5d-481c-4136-b1a9-f223276a2c89,2024-2025,11,7,A,active
e9eb56c0-a870-45e0-b00d-075bc00ca12d,2020-2021,7,7,A,active
e9eb56c0-a870-45e0-b00d-075bc00ca12d,2021-2022,8,7,A,active
e9eb56c0-a870-45e0-b00d-075bc00ca12d,2022-2023,9,7,A,active
e9eb56c0-a870-45e0-b00d-075bc00ca12d,2023-2024,10,7,A,active
e9eb56c0-a870-45e0-b00d-075bc00ca12d,2024-2025,11,7,A,active
8168e244-75f9-4888-b4c7-cc8d33ece73b,2020-2021,7,7,A,active
8168e244-75f9-4888-b4c7-cc8d33ece73b,2021-2022,8,7,A,active
8168e244-75f9-4888-b4c7-cc8d33ece73b,2022-2023,9,7,A,active
8168e244-75f9-4888-b4c7-cc8d33ece73b,2023-2024,10,7,A,active
8168e244-75f9-4888-b4c7-cc8d33ece73b,2024-2025,11,7,A,active
e49d3ecd-7aa8-4085-a9f6-147b9b5ad942,2020-2021,7,7,A,active
e49d3ecd-7aa8-4085-a9f6-147b9b5ad942,2021-2022,8,7,A,active
e49d3ecd-7aa8-4085-a9f6-147b9b5ad942,2022-2023,9,7,A,active
e49d3ecd-7aa8-4085-a9f6-147b9b5ad942,2023-2024,10,7,A,active
e49d3ecd-7aa8-4085-a9f6-147b9b5ad942,2024-2025,11,7,A,active
cb2d6585-32e9-40a1-9afd-1cfb826e762b,2020-2021,7,7,A,active
cb2d6585-32e9-40a1-9afd-1cfb826e762b,2021-2022,8,7,A,active
cb2d6585-32e9-40a1-9afd-1cfb826e762b,2022-2023,9,7,A,active
cb2d6585-32e9-40a1-9afd-1cfb826e762b,2023-2024,10,7,A,active
cb2d6585-32e9-40a1-9afd-1cfb826e762b,2024-2025,11,7,A,active
11d84b53-d126-4c19-af8c-f275845294ac,2020-2021,7,7,A,active
11d84b53-d126-4c19-af8c-f275845294ac,2021-2022,8,7,A,active
11d84b53-d126-4c19-af8c-f275845294ac,2022-2023,9,7,A,active
11d84b53-d126-4c19-af8c-f275845294ac,2023-2024,10,7,A,active
11d84b53-d126-4c19-af8c-f275845294ac,2024-2025,11,7,A,active
c2e4fd4c-84d9-49b5-bca0-721e1b82df43,2020-2021,7,7,A,active
c2e4fd4c-84d9-49b5-bca0-721e1b82df43,2021-2022,8,7,A,active
c2e4fd4c-84d9-49b5-bca0-721e1b82df43,2022-2023,9,7,A,active
c2e4fd4c-84d9-49b5-bca0-721e1b82df43,2023-2024,10,7,A,active
c2e4fd4c-84d9-49b5-bca0-721e1b82df43,2024-2025,11,7,A,active
5a07c963-910b-44e6-ba98-56d40d5e1128,2020-2021,7,7,A,active
5a07c963-910b-44e6-ba98-56d40d5e1128,2021-2022,8,7,A,active
5a07c963-910b-44e6-ba98-56d40d5e1128,2022-2023,9,7,A,active
5a07c963-910b-44e6-ba98-56d40d5e1128,2023-2024,10,7,A,active
5a07c963-910b-44e6-ba98-56d40d5e1128,2024-2025,11,7,A,active
0a9cf851-a297-46c0-ada7-f0ad726269ab,2020-2021,7,7,A,active
0a9cf851-a297-46c0-ada7-f0ad726269ab,2021-2022,8,7,A,active
0a9cf851-a297-46c0-ada7-f0ad726269ab,2022-2023,9,7,A,active
0a9cf851-a297-46c0-ada7-f0ad726269ab,2023-2024,10,7,A,active
0a9cf851-a297-46c0-ada7-f0ad726269ab,2024-2025,11,7,A,active
28737aba-6f4e-41ae-9c82-bc3f4afecb8c,2020-2021,7,7,A,active
28737aba-6f4e-41ae-9c82-bc3f4afecb8c,2021-2022,8,7,A,active
28737aba-6f4e-41ae-9c82-bc3f4afecb8c,2022-2023,9,7,A,active
28737aba-6f4e-41ae-9c82-bc3f4afecb8c,2023-2024,10,7,A,active
28737aba-6f4e-41ae-9c82-bc3f4afecb8c,2024-2025,11,7,A,active
240a2549-b0fd-4dc5-9a91-0e51fea45fd5,2020-2021,7,7,A,active
240a2549-b0fd-4dc5-9a91-0e51fea45fd5,2021-2022,8,7,A,active
240a2549-b0fd-4dc5-9a91-0e51fea45fd5,2022-2023,9,7,A,active
240a2549-b0fd-4dc5-9a91-0e51fea45fd5,2023-2024,10,7,A,active
240a2549-b0fd-4dc5-9a91-0e51fea45fd5,2024-2025,11,7,A,active
3fc3be86-8a0b-448a-9ebc-6ddec14243b6,2020-2021,7,7,A,active
3fc3be86-8a0b-448a-9ebc-6ddec14243b6,2021-2022,8,7,A,active
3fc3be86-8a0b-448a-9ebc-6ddec14243b6,2022-2023,9,7,A,active
3fc3be86-8a0b-448a-9ebc-6ddec14243b6,2023-2024,10,7,A,active
3fc3be86-8a0b-448a-9ebc-6ddec14243b6,2024-2025,11,7,A,active
0aee584f-05e4-4aaa-b10a-1499d7172b26,2020-2021,7,7,A,active
0aee584f-05e4-4aaa-b10a-1499d7172b26,2021-2022,8,7,A,active
0aee584f-05e4-4aaa-b10a-1499d7172b26,2022-2023,9,7,A,active
0aee584f-05e4-4aaa-b10a-1499d7172b26,2023-2024,10,7,A,active
0aee584f-05e4-4aaa-b10a-1499d7172b26,2024-2025,11,7,A,active
9b1392fa-5d53-4363-b08c-f5c7e319a210,2020-2021,7,7,A,active
9b1392fa-5d53-4363-b08c-f5c7e319a210,2021-2022,8,7,A,active
9b1392fa-5d53-4363-b08c-f5c7e319a210,2022-2023,9,7,A,active
9b1392fa-5d53-4363-b08c-f5c7e319a210,2023-2024,10,7,A,active
9b1392fa-5d53-4363-b08c-f5c7e319a210,2024-2025,11,7,A,active
9b556d94-3464-43ba-a589-c08f9b2a8a07,2020-2021,7,7,A,active
9b556d94-3464-43ba-a589-c08f9b2a8a07,2021-2022,8,7,A,active
9b556d94-3464-43ba-a589-c08f9b2a8a07,2022-2023,9,7,A,active
9b556d94-3464-43ba-a589-c08f9b2a8a07,2023-2024,10,7,A,active
9b556d94-3464-43ba-a589-c08f9b2a8a07,2024-2025,11,7,A,active
7ba1e53b-36e7-4b36-95b3-350c77c96895,2020-2021,7,7,B,active
7ba1e53b-36e7-4b36-95b3-350c77c96895,2021-2022,8,7,B,active
7ba1e53b-36e7-4b36-95b3-350c77c96895,2022-2023,9,7,B,active
7ba1e53b-36e7-4b36-95b3-350c77c96895,2023-2024,10,7,B,active
7ba1e53b-36e7-4b36-95b3-350c77c96895,2024-2025,11,7,B,active
6d1290ec-b42b-4e0c-b3cd-ef155f7bdf63,2020-2021,7,7,B,active
6d1290ec-b42b-4e0c-b3cd-ef155f7bdf63,2021-2022,8,7,B,active
6d1290ec-b42b-4e0c-b3cd-ef155f7bdf63,2022-2023,9,7,B,active
6d1290ec-b42b-4e0c-b3cd-ef155f7bdf63,2023-2024,10,7,B,active
6d1290ec-b42b-4e0c-b3cd-ef155f7bdf63,2024-2025,11,7,B,active
3d90b1ac-c884-478f-968a-102a4581ee7f,2020-2021,7,7,B,active
3d90b1ac-c884-478f-968a-102a4581ee7f,2021-2022,8,7,B,active
3d90b1ac-c884-478f-968a-102a4581ee7f,2022-2023,9,7,B,active
3d90b1ac-c884-478f-968a-102a4581ee7f,2023-2024,10,7,B,active
3d90b1ac-c884-478f-968a-102a4581ee7f,2024-2025,11,7,B,active
94439584-285f-4259-ad4f-f527569ac95c,2020-2021,7,7,B,active
94439584-285f-4259-ad4f-f527569ac95c,2021-2022,8,7,B,active
94439584-285f-4259-ad4f-f527569ac95c,2022-2023,9,7,B,active
94439584-285f-4259-ad4f-f527569ac95c,2023-2024,10,7,B,active
94439584-285f-4259-ad4f-f527569ac95c,2024-2025,11,7,B,active
ad5b80c0-d901-4152-a03e-a6ae2c613214,2020-2021,7,7,B,active
ad5b80c0-d901-4152-a03e-a6ae2c613214,2021-2022,8,7,B,active
ad5b80c0-d901-4152-a03e-a6ae2c613214,2022-2023,9,7,B,active
ad5b80c0-d901-4152-a03e-a6ae2c613214,2023-2024,10,7,B,active
ad5b80c0-d901-4152-a03e-a6ae2c613214,2024-2025,11,7,B,active
ce6b106f-5a3a-44cd-98e6-8023f80adf0d,2020-2021,7,7,B,active
ce6b106f-5a3a-44cd-98e6-8023f80adf0d,2021-2022,8,7,B,active
ce6b106f-5a3a-44cd-98e6-8023f80adf0d,2022-2023,9,7,B,active
ce6b106f-5a3a-44cd-98e6-8023f80adf0d,2023-2024,10,7,B,active
ce6b106f-5a3a-44cd-98e6-8023f80adf0d,2024-2025,11,7,B,active
a5d8dfca-e876-45da-a21c-a211fc07c25a,2020-2021,7,7,B,active
a5d8dfca-e876-45da-a21c-a211fc07c25a,2021-2022,8,7,B,active
a5d8dfca-e876-45da-a21c-a211fc07c25a,2022-2023,9,7,B,active
a5d8dfca-e876-45da-a21c-a211fc07c25a,2023-2024,10,7,B,active
a5d8dfca-e876-45da-a21c-a211fc07c25a,2024-2025,11,7,B,active
523a5455-72b2-4150-982f-0036ba53d2d6,2020-2021,7,7,B,active
523a5455-72b2-4150-982f-0036ba53d2d6,2021-2022,8,7,B,active
523a5455-72b2-4150-982f-0036ba53d2d6,2022-2023,9,7,B,active
523a5455-72b2-4150-982f-0036ba53d2d6,2023-2024,10,7,B,active
523a5455-72b2-4150-982f-0036ba53d2d6,2024-2025,11,7,B,active
991ec396-17d1-41ee-bbbe-68b078fb1bd2,2020-2021,7,7,B,active
991ec396-17d1-41ee-bbbe-68b078fb1bd2,2021-2022,8,7,B,active
991ec396-17d1-41ee-bbbe-68b078fb1bd2,2022-2023,9,7,B,active
991ec396-17d1-41ee-bbbe-68b078fb1bd2,2023-2024,10,7,B,active
991ec396-17d1-41ee-bbbe-68b078fb1bd2,2024-2025,11,7,B,active
94985318-6f65-4be9-bfba-7f24c06390e1,2020-2021,7,7,B,active
94985318-6f65-4be9-bfba-7f24c06390e1,2021-2022,8,7,B,active
94985318-6f65-4be9-bfba-7f24c06390e1,2022-2023,9,7,B,active
94985318-6f65-4be9-bfba-7f24c06390e1,2023-2024,10,7,B,active
94985318-6f65-4be9-bfba-7f24c06390e1,2024-2025,11,7,B,active
fbd355cf-e932-49d8-8f72-11538aa82a4c,2020-2021,7,7,B,active
fbd355cf-e932-49d8-8f72-11538aa82a4c,2021-2022,8,7,B,active
fbd355cf-e932-49d8-8f72-11538aa82a4c,2022-2023,9,7,B,active
fbd355cf-e932-49d8-8f72-11538aa82a4c,2023-2024,10,7,B,active
fbd355cf-e932-49d8-8f72-11538aa82a4c,2024-2025,11,7,B,active
56d5dd14-c8ad-41d3-8e61-2a2190c0eff2,2020-2021,7,7,B,active
56d5dd14-c8ad-41d3-8e61-2a2190c0eff2,2021-2022,8,7,B,active
56d5dd14-c8ad-41d3-8e61-2a2190c0eff2,2022-2023,9,7,B,active
56d5dd14-c8ad-41d3-8e61-2a2190c0eff2,2023-2024,10,7,B,active
56d5dd14-c8ad-41d3-8e61-2a2190c0eff2,2024-2025,11,7,B,active
4e4a7c1c-d98c-4566-a7b1-109714c9755e,2020-2021,7,7,B,active
4e4a7c1c-d98c-4566-a7b1-109714c9755e,2021-2022,8,7,B,active
4e4a7c1c-d98c-4566-a7b1-109714c9755e,2022-2023,9,7,B,active
4e4a7c1c-d98c-4566-a7b1-109714c9755e,2023-2024,10,7,B,active
4e4a7c1c-d98c-4566-a7b1-109714c9755e,2024-2025,11,7,B,active
49fc80cc-3234-4c1f-a200-300cc8db2a43,2020-2021,7,7,B,active
49fc80cc-3234-4c1f-a200-300cc8db2a43,2021-2022,8,7,B,active
49fc80cc-3234-4c1f-a200-300cc8db2a43,2022-2023,9,7,B,active
49fc80cc-3234-4c1f-a200-300cc8db2a43,2023-2024,10,7,B,active
49fc80cc-3234-4c1f-a200-300cc8db2a43,2024-2025,11,7,B,active
9a3cec5e-3ffe-4a65-8561-00949c366800,2020-2021,7,7,B,active
9a3cec5e-3ffe-4a65-8561-00949c366800,2021-2022,8,7,B,active
9a3cec5e-3ffe-4a65-8561-00949c366800,2022-2023,9,7,B,active
9a3cec5e-3ffe-4a65-8561-00949c366800,2023-2024,10,7,B,active
9a3cec5e-3ffe-4a65-8561-00949c366800,2024-2025,11,7,B,active
efa07c9b-2a3f-4671-804b-2f772c849ab4,2020-2021,7,7,C,active
efa07c9b-2a3f-4671-804b-2f772c849ab4,2021-2022,8,7,C,active
efa07c9b-2a3f-4671-804b-2f772c849ab4,2022-2023,9,7,C,active
efa07c9b-2a3f-4671-804b-2f772c849ab4,2023-2024,10,7,C,active
efa07c9b-2a3f-4671-804b-2f772c849ab4,2024-2025,11,7,C,active
29e520fb-cc47-4916-8890-19befc5337be,2020-2021,7,7,C,active
29e520fb-cc47-4916-8890-19befc5337be,2021-2022,8,7,C,active
29e520fb-cc47-4916-8890-19befc5337be,2022-2023,9,7,C,active
29e520fb-cc47-4916-8890-19befc5337be,2023-2024,10,7,C,active
29e520fb-cc47-4916-8890-19befc5337be,2024-2025,11,7,C,active
d5ba05f6-6b12-43f3-97f6-3aabb2c83765,2020-2021,7,7,C,active
d5ba05f6-6b12-43f3-97f6-3aabb2c83765,2021-2022,8,7,C,active
d5ba05f6-6b12-43f3-97f6-3aabb2c83765,2022-2023,9,7,C,active
d5ba05f6-6b12-43f3-97f6-3aabb2c83765,2023-2024,10,7,C,active
d5ba05f6-6b12-43f3-97f6-3aabb2c83765,2024-2025,11,7,C,active
93d199eb-9ff4-4889-91d8-a707ff7c3356,2020-2021,7,7,C,active
93d199eb-9ff4-4889-91d8-a707ff7c3356,2021-2022,8,7,C,active
93d199eb-9ff4-4889-91d8-a707ff7c3356,2022-2023,9,7,C,active
93d199eb-9ff4-4889-91d8-a707ff7c3356,2023-2024,10,7,C,active
93d199eb-9ff4-4889-91d8-a707ff7c3356,2024-2025,11,7,C,active
996d7e81-e984-490e-9d1f-6181f10e7738,2020-2021,7,7,C,active
996d7e81-e984-490e-9d1f-6181f10e7738,2021-2022,8,7,C,active
996d7e81-e984-490e-9d1f-6181f10e7738,2022-2023,9,7,C,active
996d7e81-e984-490e-9d1f-6181f10e7738,2023-2024,10,7,C,active
996d7e81-e984-490e-9d1f-6181f10e7738,2024-2025,11,7,C,active
34925bb9-e8fe-433e-b34b-5d8be686f146,2020-2021,7,7,C,active
34925bb9-e8fe-433e-b34b-5d8be686f146,2021-2022,8,7,C,active
34925bb9-e8fe-433e-b34b-5d8be686f146,2022-2023,9,7,C,active
34925bb9-e8fe-433e-b34b-5d8be686f146,2023-2024,10,7,C,active
34925bb9-e8fe-433e-b34b-5d8be686f146,2024-2025,11,7,C,active
84257923-b319-4277-9374-d74cfcdeb477,2020-2021,7,7,C,active
84257923-b319-4277-9374-d74cfcdeb477,2021-2022,8,7,C,active
84257923-b319-4277-9374-d74cfcdeb477,2022-2023,9,7,C,active
84257923-b319-4277-9374-d74cfcdeb477,2023-2024,10,7,C,active
84257923-b319-4277-9374-d74cfcdeb477,2024-2025,11,7,C,active
521bce69-290f-4367-906c-4f6f56af0f02,2020-2021,7,7,C,active
521bce69-290f-4367-906c-4f6f56af0f02,2021-2022,8,7,C,active
521bce69-290f-4367-906c-4f6f56af0f02,2022-2023,9,7,C,active
521bce69-290f-4367-906c-4f6f56af0f02,2023-2024,10,7,C,active
521bce69-290f-4367-906c-4f6f56af0f02,2024-2025,11,7,C,active
5bd66aaf-ad45-4f65-a309-d4cb01496d93,2020-2021,7,7,C,active
5bd66aaf-ad45-4f65-a309-d4cb01496d93,2021-2022,8,7,C,active
5bd66aaf-ad45-4f65-a309-d4cb01496d93,2022-2023,9,7,C,active
5bd66aaf-ad45-4f65-a309-d4cb01496d93,2023-2024,10,7,C,active
5bd66aaf-ad45-4f65-a309-d4cb01496d93,2024-2025,11,7,C,active
6f92f258-6eb1-4bbb-82c1-63b20db970a7,2020-2021,7,7,C,active
6f92f258-6eb1-4bbb-82c1-63b20db970a7,2021-2022,8,7,C,active
6f92f258-6eb1-4bbb-82c1-63b20db970a7,2022-2023,9,7,C,active
6f92f258-6eb1-4bbb-82c1-63b20db970a7,2023-2024,10,7,C,active
6f92f258-6eb1-4bbb-82c1-63b20db970a7,2024-2025,11,7,C,active
cf47bf4f-e961-4332-87e6-71b3f045a214,2020-2021,7,7,C,active
cf47bf4f-e961-4332-87e6-71b3f045a214,2021-2022,8,7,C,active
cf47bf4f-e961-4332-87e6-71b3f045a214,2022-2023,9,7,C,active
cf47bf4f-e961-4332-87e6-71b3f045a214,2023-2024,10,7,C,active
cf47bf4f-e961-4332-87e6-71b3f045a214,2024-2025,11,7,C,active
cd857b15-3bd1-48b9-bd9a-e29e02440100,2020-2021,7,7,C,active
cd857b15-3bd1-48b9-bd9a-e29e02440100,2021-2022,8,7,C,active
cd857b15-3bd1-48b9-bd9a-e29e02440100,2022-2023,9,7,C,active
cd857b15-3bd1-48b9-bd9a-e29e02440100,2023-2024,10,7,C,active
cd857b15-3bd1-48b9-bd9a-e29e02440100,2024-2025,11,7,C,active
83ec235e-27d0-40b2-a3a0-29de0df2f9cb,2020-2021,7,7,C,active
83ec235e-27d0-40b2-a3a0-29de0df2f9cb,2021-2022,8,7,C,active
83ec235e-27d0-40b2-a3a0-29de0df2f9cb,2022-2023,9,7,C,active
83ec235e-27d0-40b2-a3a0-29de0df2f9cb,2023-2024,10,7,C,active
83ec235e-27d0-40b2-a3a0-29de0df2f9cb,2024-2025,11,7,C,active
4c0bdb49-934f-4369-a92d-8d023fc8b64c,2020-2021,7,7,C,active
4c0bdb49-934f-4369-a92d-8d023fc8b64c,2021-2022,8,7,C,active
4c0bdb49-934f-4369-a92d-8d023fc8b64c,2022-2023,9,7,C,active
4c0bdb49-934f-4369-a92d-8d023fc8b64c,2023-2024,10,7,C,active
4c0bdb49-934f-4369-a92d-8d023fc8b64c,2024-2025,11,7,C,active
e3230b45-b2f2-4775-a8dc-a72a056a7021,2020-2021,7,7,C,active
e3230b45-b2f2-4775-a8dc-a72a056a7021,2021-2022,8,7,C,active
e3230b45-b2f2-4775-a8dc-a72a056a7021,2022-2023,9,7,C,active
e3230b45-b2f2-4775-a8dc-a72a056a7021,2023-2024,10,7,C,active
e3230b45-b2f2-4775-a8dc-a72a056a7021,2024-2025,11,7,C,active
78cc566f-7440-496a-9c4f-f6ac72c7f455,2021-2022,7,7,A,active
78cc566f-7440-496a-9c4f-f6ac72c7f455,2022-2023,8,7,A,active
78cc566f-7440-496a-9c4f-f6ac72c7f455,2023-2024,9,7,A,active
78cc566f-7440-496a-9c4f-f6ac72c7f455,2024-2025,10,7,A,active
f6020ce7-568e-4f5d-abdc-50338dac574a,2021-2022,7,7,A,active
f6020ce7-568e-4f5d-abdc-50338dac574a,2022-2023,8,7,A,active
f6020ce7-568e-4f5d-abdc-50338dac574a,2023-2024,9,7,A,active
f6020ce7-568e-4f5d-abdc-50338dac574a,2024-2025,10,7,A,active
ec1f6046-2425-416d-a7fc-8df97b95de0d,2021-2022,7,7,A,active
ec1f6046-2425-416d-a7fc-8df97b95de0d,2022-2023,8,7,A,active
ec1f6046-2425-416d-a7fc-8df97b95de0d,2023-2024,9,7,A,active
ec1f6046-2425-416d-a7fc-8df97b95de0d,2024-2025,10,7,A,active
d24ae3d3-10d6-4821-87fa-5b24ac2c9084,2021-2022,7,7,A,active
d24ae3d3-10d6-4821-87fa-5b24ac2c9084,2022-2023,8,7,A,active
d24ae3d3-10d6-4821-87fa-5b24ac2c9084,2023-2024,9,7,A,active
d24ae3d3-10d6-4821-87fa-5b24ac2c9084,2024-2025,10,7,A,active
9db4c1e5-1ecc-4b66-b1da-417ad7dfb15c,2021-2022,7,7,A,active
9db4c1e5-1ecc-4b66-b1da-417ad7dfb15c,2022-2023,8,7,A,active
9db4c1e5-1ecc-4b66-b1da-417ad7dfb15c,2023-2024,9,7,A,active
9db4c1e5-1ecc-4b66-b1da-417ad7dfb15c,2024-2025,10,7,A,active
67ee3988-3720-4bdb-83f0-8dc248349f24,2021-2022,7,7,A,active
67ee3988-3720-4bdb-83f0-8dc248349f24,2022-2023,8,7,A,active
67ee3988-3720-4bdb-83f0-8dc248349f24,2023-2024,9,7,A,active
67ee3988-3720-4bdb-83f0-8dc248349f24,2024-2025,10,7,A,active
b0909786-c8bc-4bd1-8a2d-4aefdac2fa13,2021-2022,7,7,A,active
b0909786-c8bc-4bd1-8a2d-4aefdac2fa13,2022-2023,8,7,A,active
b0909786-c8bc-4bd1-8a2d-4aefdac2fa13,2023-2024,9,7,A,active
b0909786-c8bc-4bd1-8a2d-4aefdac2fa13,2024-2025,10,7,A,active
f6100086-913b-4d0e-9e39-592e5bf88749,2021-2022,7,7,A,active
f6100086-913b-4d0e-9e39-592e5bf88749,2022-2023,8,7,A,active
f6100086-913b-4d0e-9e39-592e5bf88749,2023-2024,9,7,A,active
f6100086-913b-4d0e-9e39-592e5bf88749,2024-2025,10,7,A,active
ee20c4c4-75ee-417b-a3ed-8476ece5214c,2021-2022,7,7,A,active
ee20c4c4-75ee-417b-a3ed-8476ece5214c,2022-2023,8,7,A,active
ee20c4c4-75ee-417b-a3ed-8476ece5214c,2023-2024,9,7,A,active
ee20c4c4-75ee-417b-a3ed-8476ece5214c,2024-2025,10,7,A,active
9ec48c00-d310-4f85-b92b-a773675a9e9d,2021-2022,7,7,A,active
9ec48c00-d310-4f85-b92b-a773675a9e9d,2022-2023,8,7,A,active
9ec48c00-d310-4f85-b92b-a773675a9e9d,2023-2024,9,7,A,active
9ec48c00-d310-4f85-b92b-a773675a9e9d,2024-2025,10,7,A,active
52157191-7429-4a41-a49b-1101471da785,2021-2022,7,7,A,active
52157191-7429-4a41-a49b-1101471da785,2022-2023,8,7,A,active
52157191-7429-4a41-a49b-1101471da785,2023-2024,9,7,A,active
52157191-7429-4a41-a49b-1101471da785,2024-2025,10,7,A,active
3fd95f96-814d-4af5-928a-a953faf71fc3,2021-2022,7,7,A,active
3fd95f96-814d-4af5-928a-a953faf71fc3,2022-2023,8,7,A,active
3fd95f96-814d-4af5-928a-a953faf71fc3,2023-2024,9,7,A,active
3fd95f96-814d-4af5-928a-a953faf71fc3,2024-2025,10,7,A,active
14ac5727-d0c0-4576-be13-15e37dca799e,2021-2022,7,7,A,active
14ac5727-d0c0-4576-be13-15e37dca799e,2022-2023,8,7,A,active
14ac5727-d0c0-4576-be13-15e37dca799e,2023-2024,9,7,A,active
14ac5727-d0c0-4576-be13-15e37dca799e,2024-2025,10,7,A,active
ec19a40a-6c78-445f-883a-fcfe4a80b6f0,2021-2022,7,7,A,active
ec19a40a-6c78-445f-883a-fcfe4a80b6f0,2022-2023,8,7,A,active
ec19a40a-6c78-445f-883a-fcfe4a80b6f0,2023-2024,9,7,A,active
ec19a40a-6c78-445f-883a-fcfe4a80b6f0,2024-2025,10,7,A,active
bef72d33-3724-48b9-a64b-cb1f36e353a4,2021-2022,7,7,A,active
bef72d33-3724-48b9-a64b-cb1f36e353a4,2022-2023,8,7,A,active
bef72d33-3724-48b9-a64b-cb1f36e353a4,2023-2024,9,7,A,active
bef72d33-3724-48b9-a64b-cb1f36e353a4,2024-2025,10,7,A,active
7e5ac33b-6789-4290-88a8-f72247e16762,2021-2022,7,7,B,active
7e5ac33b-6789-4290-88a8-f72247e16762,2022-2023,8,7,B,active
7e5ac33b-6789-4290-88a8-f72247e16762,2023-2024,9,7,B,active
7e5ac33b-6789-4290-88a8-f72247e16762,2024-2025,10,7,B,active
ae419971-bc36-490f-9d81-300475aa8ed0,2021-2022,7,7,B,active
ae419971-bc36-490f-9d81-300475aa8ed0,2022-2023,8,7,B,active
ae419971-bc36-490f-9d81-300475aa8ed0,2023-2024,9,7,B,active
ae419971-bc36-490f-9d81-300475aa8ed0,2024-2025,10,7,B,active
e46ae8d3-4dd1-4756-a1f4-22e3a5fd4cd8,2021-2022,7,7,B,active
e46ae8d3-4dd1-4756-a1f4-22e3a5fd4cd8,2022-2023,8,7,B,active
e46ae8d3-4dd1-4756-a1f4-22e3a5fd4cd8,2023-2024,9,7,B,active
e46ae8d3-4dd1-4756-a1f4-22e3a5fd4cd8,2024-2025,10,7,B,active
18fa0dd5-5ce5-4052-aef6-e8eb71641a27,2021-2022,7,7,B,active
18fa0dd5-5ce5-4052-aef6-e8eb71641a27,2022-2023,8,7,B,active
18fa0dd5-5ce5-4052-aef6-e8eb71641a27,2023-2024,9,7,B,active
18fa0dd5-5ce5-4052-aef6-e8eb71641a27,2024-2025,10,7,B,active
5426a1ee-dafa-4e48-9929-e30bf8232333,2021-2022,7,7,B,active
5426a1ee-dafa-4e48-9929-e30bf8232333,2022-2023,8,7,B,active
5426a1ee-dafa-4e48-9929-e30bf8232333,2023-2024,9,7,B,active
5426a1ee-dafa-4e48-9929-e30bf8232333,2024-2025,10,7,B,active
da8ba648-e39c-42ff-9399-5d3153ce58a1,2021-2022,7,7,B,active
da8ba648-e39c-42ff-9399-5d3153ce58a1,2022-2023,8,7,B,active
da8ba648-e39c-42ff-9399-5d3153ce58a1,2023-2024,9,7,B,active
da8ba648-e39c-42ff-9399-5d3153ce58a1,2024-2025,10,7,B,active
b652ac57-058f-49e6-b41e-fa934e4befce,2021-2022,7,7,B,active
b652ac57-058f-49e6-b41e-fa934e4befce,2022-2023,8,7,B,active
b652ac57-058f-49e6-b41e-fa934e4befce,2023-2024,9,7,B,active
b652ac57-058f-49e6-b41e-fa934e4befce,2024-2025,10,7,B,active
54b967e4-0c0a-448a-a751-6cd1de807916,2021-2022,7,7,B,active
54b967e4-0c0a-448a-a751-6cd1de807916,2022-2023,8,7,B,active
54b967e4-0c0a-448a-a751-6cd1de807916,2023-2024,9,7,B,active
54b967e4-0c0a-448a-a751-6cd1de807916,2024-2025,10,7,B,active
daba6c3f-7726-4a59-ab61-d1bedf74a590,2021-2022,7,7,B,active
daba6c3f-7726-4a59-ab61-d1bedf74a590,2022-2023,8,7,B,active
daba6c3f-7726-4a59-ab61-d1bedf74a590,2023-2024,9,7,B,active
daba6c3f-7726-4a59-ab61-d1bedf74a590,2024-2025,10,7,B,active
471c3a81-405c-4136-8915-c4295fee9c98,2021-2022,7,7,B,active
471c3a81-405c-4136-8915-c4295fee9c98,2022-2023,8,7,B,active
471c3a81-405c-4136-8915-c4295fee9c98,2023-2024,9,7,B,active
471c3a81-405c-4136-8915-c4295fee9c98,2024-2025,10,7,B,active
6e067cce-f1bf-4385-9ad6-076662ee6f5b,2021-2022,7,7,B,active
6e067cce-f1bf-4385-9ad6-076662ee6f5b,2022-2023,8,7,B,active
6e067cce-f1bf-4385-9ad6-076662ee6f5b,2023-2024,9,7,B,active
6e067cce-f1bf-4385-9ad6-076662ee6f5b,2024-2025,10,7,B,active
59d908df-a651-43bb-bcae-898eef004728,2021-2022,7,7,B,active
59d908df-a651-43bb-bcae-898eef004728,2022-2023,8,7,B,active
59d908df-a651-43bb-bcae-898eef004728,2023-2024,9,7,B,active
59d908df-a651-43bb-bcae-898eef004728,2024-2025,10,7,B,active
23919cad-7526-4273-a672-d1533dd229f6,2021-2022,7,7,B,active
23919cad-7526-4273-a672-d1533dd229f6,2022-2023,8,7,B,active
23919cad-7526-4273-a672-d1533dd229f6,2023-2024,9,7,B,active
23919cad-7526-4273-a672-d1533dd229f6,2024-2025,10,7,B,active
0ca9da23-ab43-4841-9688-cccf1fd73445,2021-2022,7,7,B,active
0ca9da23-ab43-4841-9688-cccf1fd73445,2022-2023,8,7,B,active
0ca9da23-ab43-4841-9688-cccf1fd73445,2023-2024,9,7,B,active
0ca9da23-ab43-4841-9688-cccf1fd73445,2024-2025,10,7,B,active
9bca1601-707f-4a4e-b48c-b634c8dd3991,2021-2022,7,7,B,active
9bca1601-707f-4a4e-b48c-b634c8dd3991,2022-2023,8,7,B,active
9bca1601-707f-4a4e-b48c-b634c8dd3991,2023-2024,9,7,B,active
9bca1601-707f-4a4e-b48c-b634c8dd3991,2024-2025,10,7,B,active
27a987e3-af22-4ec6-a8f6-224e27820252,2021-2022,7,7,C,active
27a987e3-af22-4ec6-a8f6-224e27820252,2022-2023,8,7,C,active
27a987e3-af22-4ec6-a8f6-224e27820252,2023-2024,9,7,C,active
27a987e3-af22-4ec6-a8f6-224e27820252,2024-2025,10,7,C,active
f99d6e0a-5c99-4c79-add2-11b2de834b02,2021-2022,7,7,C,active
f99d6e0a-5c99-4c79-add2-11b2de834b02,2022-2023,8,7,C,active
f99d6e0a-5c99-4c79-add2-11b2de834b02,2023-2024,9,7,C,active
f99d6e0a-5c99-4c79-add2-11b2de834b02,2024-2025,10,7,C,active
ce3150df-e4bd-4479-9759-0fd315e4d1d6,2021-2022,7,7,C,active
ce3150df-e4bd-4479-9759-0fd315e4d1d6,2022-2023,8,7,C,active
ce3150df-e4bd-4479-9759-0fd315e4d1d6,2023-2024,9,7,C,active
ce3150df-e4bd-4479-9759-0fd315e4d1d6,2024-2025,10,7,C,active
d03e82db-2717-42e5-b43f-a7c98472224e,2021-2022,7,7,C,active
d03e82db-2717-42e5-b43f-a7c98472224e,2022-2023,8,7,C,active
d03e82db-2717-42e5-b43f-a7c98472224e,2023-2024,9,7,C,active
d03e82db-2717-42e5-b43f-a7c98472224e,2024-2025,10,7,C,active
ec7b128b-aa31-46dc-bf86-a4ea08359784,2021-2022,7,7,C,active
ec7b128b-aa31-46dc-bf86-a4ea08359784,2022-2023,8,7,C,active
ec7b128b-aa31-46dc-bf86-a4ea08359784,2023-2024,9,7,C,active
ec7b128b-aa31-46dc-bf86-a4ea08359784,2024-2025,10,7,C,active
96af5f39-3bac-4684-b138-eed2374c324c,2021-2022,7,7,C,active
96af5f39-3bac-4684-b138-eed2374c324c,2022-2023,8,7,C,active
96af5f39-3bac-4684-b138-eed2374c324c,2023-2024,9,7,C,active
96af5f39-3bac-4684-b138-eed2374c324c,2024-2025,10,7,C,active
5b5cb4ce-4ddc-465b-a3bb-d8639753d08b,2021-2022,7,7,C,active
5b5cb4ce-4ddc-465b-a3bb-d8639753d08b,2022-2023,8,7,C,active
5b5cb4ce-4ddc-465b-a3bb-d8639753d08b,2023-2024,9,7,C,active
5b5cb4ce-4ddc-465b-a3bb-d8639753d08b,2024-2025,10,7,C,active
86911c02-9af6-4965-9056-fef86880ffb6,2021-2022,7,7,C,active
86911c02-9af6-4965-9056-fef86880ffb6,2022-2023,8,7,C,active
86911c02-9af6-4965-9056-fef86880ffb6,2023-2024,9,7,C,active
86911c02-9af6-4965-9056-fef86880ffb6,2024-2025,10,7,C,active
ac257f39-8eeb-4d36-a33a-db7e139eabf3,2021-2022,7,7,C,active
ac257f39-8eeb-4d36-a33a-db7e139eabf3,2022-2023,8,7,C,active
ac257f39-8eeb-4d36-a33a-db7e139eabf3,2023-2024,9,7,C,active
ac257f39-8eeb-4d36-a33a-db7e139eabf3,2024-2025,10,7,C,active
4263066a-410a-431a-9280-94dade4f93b9,2021-2022,7,7,C,active
4263066a-410a-431a-9280-94dade4f93b9,2022-2023,8,7,C,active
4263066a-410a-431a-9280-94dade4f93b9,2023-2024,9,7,C,active
4263066a-410a-431a-9280-94dade4f93b9,2024-2025,10,7,C,active
36b3f28f-7029-4a5e-a7d1-dd948f3b856d,2021-2022,7,7,C,active
36b3f28f-7029-4a5e-a7d1-dd948f3b856d,2022-2023,8,7,C,active
36b3f28f-7029-4a5e-a7d1-dd948f3b856d,2023-2024,9,7,C,active
36b3f28f-7029-4a5e-a7d1-dd948f3b856d,2024-2025,10,7,C,active
fb52702a-fd01-4528-ab93-ad6fd8f063b3,2021-2022,7,7,C,active
fb52702a-fd01-4528-ab93-ad6fd8f063b3,2022-2023,8,7,C,active
fb52702a-fd01-4528-ab93-ad6fd8f063b3,2023-2024,9,7,C,active
fb52702a-fd01-4528-ab93-ad6fd8f063b3,2024-2025,10,7,C,active
e4f2e47c-aa73-45f8-9f65-71df872c93a5,2021-2022,7,7,C,active
e4f2e47c-aa73-45f8-9f65-71df872c93a5,2022-2023,8,7,C,active
e4f2e47c-aa73-45f8-9f65-71df872c93a5,2023-2024,9,7,C,active
e4f2e47c-aa73-45f8-9f65-71df872c93a5,2024-2025,10,7,C,active
4e6fe278-1258-49bf-aea7-95e579005cd5,2021-2022,7,7,C,active
4e6fe278-1258-49bf-aea7-95e579005cd5,2022-2023,8,7,C,active
4e6fe278-1258-49bf-aea7-95e579005cd5,2023-2024,9,7,C,active
4e6fe278-1258-49bf-aea7-95e579005cd5,2024-2025,10,7,C,active
5c6d321e-09ed-4746-b0f4-034c77e8b78d,2021-2022,7,7,C,active
5c6d321e-09ed-4746-b0f4-034c77e8b78d,2022-2023,8,7,C,active
5c6d321e-09ed-4746-b0f4-034c77e8b78d,2023-2024,9,7,C,active
5c6d321e-09ed-4746-b0f4-034c77e8b78d,2024-2025,10,7,C,active
447692da-7985-486f-9e7a-58c11b8fb41d,2022-2023,7,7,A,active
447692da-7985-486f-9e7a-58c11b8fb41d,2023-2024,8,7,A,active
447692da-7985-486f-9e7a-58c11b8fb41d,2024-2025,9,7,A,active
db8fe274-bbb5-4b39-9e3f-63e646c98774,2022-2023,7,7,A,active
db8fe274-bbb5-4b39-9e3f-63e646c98774,2023-2024,8,7,A,active
db8fe274-bbb5-4b39-9e3f-63e646c98774,2024-2025,9,7,A,active
6111d10e-cacd-4c97-8acf-4ea5ae9ecda0,2022-2023,7,7,A,active
6111d10e-cacd-4c97-8acf-4ea5ae9ecda0,2023-2024,8,7,A,active
6111d10e-cacd-4c97-8acf-4ea5ae9ecda0,2024-2025,9,7,A,active
710b7b97-7881-437f-bac1-0edecc543b6f,2022-2023,7,7,A,active
710b7b97-7881-437f-bac1-0edecc543b6f,2023-2024,8,7,A,active
710b7b97-7881-437f-bac1-0edecc543b6f,2024-2025,9,7,A,active
6fcbce22-9ca6-42e3-a2d3-2a7bd8dcdec7,2022-2023,7,7,A,active
6fcbce22-9ca6-42e3-a2d3-2a7bd8dcdec7,2023-2024,8,7,A,active
6fcbce22-9ca6-42e3-a2d3-2a7bd8dcdec7,2024-2025,9,7,A,active
c81a2b2a-1901-4d26-8525-53442e64c85c,2022-2023,7,7,A,active
c81a2b2a-1901-4d26-8525-53442e64c85c,2023-2024,8,7,A,active
c81a2b2a-1901-4d26-8525-53442e64c85c,2024-2025,9,7,A,active
8c5e9fe7-0bf4-4f0d-83da-f187594054b9,2022-2023,7,7,A,active
8c5e9fe7-0bf4-4f0d-83da-f187594054b9,2023-2024,8,7,A,active
8c5e9fe7-0bf4-4f0d-83da-f187594054b9,2024-2025,9,7,A,active
25c64cad-fc91-4a5c-ab61-cb73a8bc283a,2022-2023,7,7,A,active
25c64cad-fc91-4a5c-ab61-cb73a8bc283a,2023-2024,8,7,A,active
25c64cad-fc91-4a5c-ab61-cb73a8bc283a,2024-2025,9,7,A,active
1289904d-4d67-42b4-bd4f-46bdb1af4e1f,2022-2023,7,7,A,active
1289904d-4d67-42b4-bd4f-46bdb1af4e1f,2023-2024,8,7,A,active
1289904d-4d67-42b4-bd4f-46bdb1af4e1f,2024-2025,9,7,A,active
79433995-594e-42eb-8367-f9e782a628ad,2022-2023,7,7,A,active
79433995-594e-42eb-8367-f9e782a628ad,2023-2024,8,7,A,active
79433995-594e-42eb-8367-f9e782a628ad,2024-2025,9,7,A,active
994ff200-899d-44b9-8fd4-1339ef227ffc,2022-2023,7,7,A,active
994ff200-899d-44b9-8fd4-1339ef227ffc,2023-2024,8,7,A,active
994ff200-899d-44b9-8fd4-1339ef227ffc,2024-2025,9,7,A,active
48b9005e-04b0-4706-88e9-f13256b3438a,2022-2023,7,7,A,active
48b9005e-04b0-4706-88e9-f13256b3438a,2023-2024,8,7,A,active
48b9005e-04b0-4706-88e9-f13256b3438a,2024-2025,9,7,A,active
ae478ddd-bdf7-4c36-bd77-d2ea43c36e59,2022-2023,7,7,A,active
ae478ddd-bdf7-4c36-bd77-d2ea43c36e59,2023-2024,8,7,A,active
ae478ddd-bdf7-4c36-bd77-d2ea43c36e59,2024-2025,9,7,A,active
8b9f5bb1-a9c1-4cb5-aa59-7fe7401bab6e,2022-2023,7,7,A,active
8b9f5bb1-a9c1-4cb5-aa59-7fe7401bab6e,2023-2024,8,7,A,active
8b9f5bb1-a9c1-4cb5-aa59-7fe7401bab6e,2024-2025,9,7,A,active
99006de0-36b2-4332-942b-0dbeae059d8b,2022-2023,7,7,A,active
99006de0-36b2-4332-942b-0dbeae059d8b,2023-2024,8,7,A,active
99006de0-36b2-4332-942b-0dbeae059d8b,2024-2025,9,7,A,active
ef759656-ebbe-4f75-8934-dfc4a7931477,2022-2023,7,7,B,active
ef759656-ebbe-4f75-8934-dfc4a7931477,2023-2024,8,7,B,active
ef759656-ebbe-4f75-8934-dfc4a7931477,2024-2025,9,7,B,active
fc949718-c36a-47a1-b416-b02eba37a035,2022-2023,7,7,B,active
fc949718-c36a-47a1-b416-b02eba37a035,2023-2024,8,7,B,active
fc949718-c36a-47a1-b416-b02eba37a035,2024-2025,9,7,B,active
2eb2be9c-19fd-4413-b3e5-04107ace4b6c,2022-2023,7,7,B,active
2eb2be9c-19fd-4413-b3e5-04107ace4b6c,2023-2024,8,7,B,active
2eb2be9c-19fd-4413-b3e5-04107ace4b6c,2024-2025,9,7,B,active
778ea087-c8b5-402d-8ac3-0b81b3ed455b,2022-2023,7,7,B,active
778ea087-c8b5-402d-8ac3-0b81b3ed455b,2023-2024,8,7,B,active
778ea087-c8b5-402d-8ac3-0b81b3ed455b,2024-2025,9,7,B,active
6e300365-1af4-495a-945e-adf430a52523,2022-2023,7,7,B,active
6e300365-1af4-495a-945e-adf430a52523,2023-2024,8,7,B,active
6e300365-1af4-495a-945e-adf430a52523,2024-2025,9,7,B,active
a1e01234-af95-456b-bbab-d5ef50f4fc6f,2022-2023,7,7,B,active
a1e01234-af95-456b-bbab-d5ef50f4fc6f,2023-2024,8,7,B,active
a1e01234-af95-456b-bbab-d5ef50f4fc6f,2024-2025,9,7,B,active
48e8d01c-6dc3-4bd7-9c3f-ecb84f85e0bb,2022-2023,7,7,B,active
48e8d01c-6dc3-4bd7-9c3f-ecb84f85e0bb,2023-2024,8,7,B,active
48e8d01c-6dc3-4bd7-9c3f-ecb84f85e0bb,2024-2025,9,7,B,active
9b90b729-91fb-4cbb-8b20-2c7644905e43,2022-2023,7,7,B,active
9b90b729-91fb-4cbb-8b20-2c7644905e43,2023-2024,8,7,B,active
9b90b729-91fb-4cbb-8b20-2c7644905e43,2024-2025,9,7,B,active
3cb7557e-feb5-4cb2-bbfe-0f8ca19c8d5b,2022-2023,7,7,B,active
3cb7557e-feb5-4cb2-bbfe-0f8ca19c8d5b,2023-2024,8,7,B,active
3cb7557e-feb5-4cb2-bbfe-0f8ca19c8d5b,2024-2025,9,7,B,active
819e1ec3-a41a-435d-ae83-459403c238e9,2022-2023,7,7,B,active
819e1ec3-a41a-435d-ae83-459403c238e9,2023-2024,8,7,B,active
819e1ec3-a41a-435d-ae83-459403c238e9,2024-2025,9,7,B,active
64a41e36-d282-424f-9e8e-265531f7eee6,2022-2023,7,7,B,active
64a41e36-d282-424f-9e8e-265531f7eee6,2023-2024,8,7,B,active
64a41e36-d282-424f-9e8e-265531f7eee6,2024-2025,9,7,B,active
17b41811-786b-4823-86fb-d71b31763e9b,2022-2023,7,7,B,active
17b41811-786b-4823-86fb-d71b31763e9b,2023-2024,8,7,B,active
17b41811-786b-4823-86fb-d71b31763e9b,2024-2025,9,7,B,active
0edf8d9c-0172-4f0b-bd65-9b6d0e4c2daa,2022-2023,7,7,B,active
0edf8d9c-0172-4f0b-bd65-9b6d0e4c2daa,2023-2024,8,7,B,active
0edf8d9c-0172-4f0b-bd65-9b6d0e4c2daa,2024-2025,9,7,B,active
e24621b1-9754-423d-9d77-8565c9599d53,2022-2023,7,7,B,active
e24621b1-9754-423d-9d77-8565c9599d53,2023-2024,8,7,B,active
e24621b1-9754-423d-9d77-8565c9599d53,2024-2025,9,7,B,active
6952158d-cde6-4bea-9ba2-71e99a932531,2022-2023,7,7,B,active
6952158d-cde6-4bea-9ba2-71e99a932531,2023-2024,8,7,B,active
6952158d-cde6-4bea-9ba2-71e99a932531,2024-2025,9,7,B,active
9b6d2b9c-ddce-4e3e-a808-2d16ba76a2ef,2022-2023,7,7,C,active
9b6d2b9c-ddce-4e3e-a808-2d16ba76a2ef,2023-2024,8,7,C,active
9b6d2b9c-ddce-4e3e-a808-2d16ba76a2ef,2024-2025,9,7,C,active
c3685a61-1611-4600-82d1-adad32ed50b3,2022-2023,7,7,C,active
c3685a61-1611-4600-82d1-adad32ed50b3,2023-2024,8,7,C,active
c3685a61-1611-4600-82d1-adad32ed50b3,2024-2025,9,7,C,active
17eeb27e-41fe-4b6e-9b33-6772c1fb7b61,2022-2023,7,7,C,active
17eeb27e-41fe-4b6e-9b33-6772c1fb7b61,2023-2024,8,7,C,active
17eeb27e-41fe-4b6e-9b33-6772c1fb7b61,2024-2025,9,7,C,active
b6b48d51-e44a-4aab-ba1e-559c6ccee8ee,2022-2023,7,7,C,active
b6b48d51-e44a-4aab-ba1e-559c6ccee8ee,2023-2024,8,7,C,active
b6b48d51-e44a-4aab-ba1e-559c6ccee8ee,2024-2025,9,7,C,active
6bc426fd-4cff-4f1f-999b-11375e9698a4,2022-2023,7,7,C,active
6bc426fd-4cff-4f1f-999b-11375e9698a4,2023-2024,8,7,C,active
6bc426fd-4cff-4f1f-999b-11375e9698a4,2024-2025,9,7,C,active
9aeeaba5-1642-4f49-a716-5a29b7b64389,2022-2023,7,7,C,active
9aeeaba5-1642-4f49-a716-5a29b7b64389,2023-2024,8,7,C,active
9aeeaba5-1642-4f49-a716-5a29b7b64389,2024-2025,9,7,C,active
cb8b4bb6-5ab6-4e3b-9270-8c4953eae8c7,2022-2023,7,7,C,active
cb8b4bb6-5ab6-4e3b-9270-8c4953eae8c7,2023-2024,8,7,C,active
cb8b4bb6-5ab6-4e3b-9270-8c4953eae8c7,2024-2025,9,7,C,active
3b6bf0c7-3edd-4763-bafa-f310041adb90,2022-2023,7,7,C,active
3b6bf0c7-3edd-4763-bafa-f310041adb90,2023-2024,8,7,C,active
3b6bf0c7-3edd-4763-bafa-f310041adb90,2024-2025,9,7,C,active
b334f4d7-c68f-4796-8786-ed8e1462dba7,2022-2023,7,7,C,active
b334f4d7-c68f-4796-8786-ed8e1462dba7,2023-2024,8,7,C,active
b334f4d7-c68f-4796-8786-ed8e1462dba7,2024-2025,9,7,C,active
8dce8933-91be-4e98-af3c-361107e1b287,2022-2023,7,7,C,active
8dce8933-91be-4e98-af3c-361107e1b287,2023-2024,8,7,C,active
8dce8933-91be-4e98-af3c-361107e1b287,2024-2025,9,7,C,active
659da457-c320-4715-9e05-b48ffe976959,2022-2023,7,7,C,active
659da457-c320-4715-9e05-b48ffe976959,2023-2024,8,7,C,active
659da457-c320-4715-9e05-b48ffe976959,2024-2025,9,7,C,active
3a015333-ecc0-4f7e-8b3e-eb038e1eb260,2022-2023,7,7,C,active
3a015333-ecc0-4f7e-8b3e-eb038e1eb260,2023-2024,8,7,C,active
3a015333-ecc0-4f7e-8b3e-eb038e1eb260,2024-2025,9,7,C,active
4b055117-55b0-4c51-ac5d-c43be5380c5b,2022-2023,7,7,C,active
4b055117-55b0-4c51-ac5d-c43be5380c5b,2023-2024,8,7,C,active
4b055117-55b0-4c51-ac5d-c43be5380c5b,2024-2025,9,7,C,active
f61f2ba8-c7b2-46fa-b62b-3b6b2899a250,2022-2023,7,7,C,active
f61f2ba8-c7b2-46fa-b62b-3b6b2899a250,2023-2024,8,7,C,active
f61f2ba8-c7b2-46fa-b62b-3b6b2899a250,2024-2025,9,7,C,active
a909a499-14d9-4a1b-b1ce-0d877ff2b174,2022-2023,7,7,C,active
a909a499-14d9-4a1b-b1ce-0d877ff2b174,2023-2024,8,7,C,active
a909a499-14d9-4a1b-b1ce-0d877ff2b174,2024-2025,9,7,C,active
0cc1957a-0751-4fa3-885d-a6b8008846aa,2023-2024,7,7,A,active
0cc1957a-0751-4fa3-885d-a6b8008846aa,2024-2025,8,7,A,active
b10f4c17-9904-41b3-a7ba-8d6f84a5d69c,2023-2024,7,7,A,active
b10f4c17-9904-41b3-a7ba-8d6f84a5d69c,2024-2025,8,7,A,active
f704ed26-90c7-4fde-abf4-adf551d96a0e,2023-2024,7,7,A,active
f704ed26-90c7-4fde-abf4-adf551d96a0e,2024-2025,8,7,A,active
b44c7757-942e-4930-8f5b-abcc11107a3e,2023-2024,7,7,A,active
b44c7757-942e-4930-8f5b-abcc11107a3e,2024-2025,8,7,A,active
db59d03a-1122-4032-b654-2bdde47f1154,2023-2024,7,7,A,active
db59d03a-1122-4032-b654-2bdde47f1154,2024-2025,8,7,A,active
13c3217b-4a2b-4ee0-8c6a-38389261de2b,2023-2024,7,7,A,active
13c3217b-4a2b-4ee0-8c6a-38389261de2b,2024-2025,8,7,A,active
390425aa-bde0-4b8b-b794-9ea5bcfeb62d,2023-2024,7,7,A,active
390425aa-bde0-4b8b-b794-9ea5bcfeb62d,2024-2025,8,7,A,active
a11e7f09-5b75-465a-9b4f-48969c9fb7e9,2023-2024,7,7,A,active
a11e7f09-5b75-465a-9b4f-48969c9fb7e9,2024-2025,8,7,A,active
10ccaacb-f8c7-4cca-bb51-5f0f748af3cb,2023-2024,7,7,A,active
10ccaacb-f8c7-4cca-bb51-5f0f748af3cb,2024-2025,8,7,A,active
fcfc9bd7-f4b3-4b7a-9b15-3937c2a84a99,2023-2024,7,7,A,active
fcfc9bd7-f4b3-4b7a-9b15-3937c2a84a99,2024-2025,8,7,A,active
1997fd62-5434-4a98-a842-b2c611676540,2023-2024,7,7,A,active
1997fd62-5434-4a98-a842-b2c611676540,2024-2025,8,7,A,active
3e51c354-4c85-4049-b0e0-098e3e61d3c2,2023-2024,7,7,A,active
3e51c354-4c85-4049-b0e0-098e3e61d3c2,2024-2025,8,7,A,active
de6cc2d2-dafe-49b9-9e03-c2ecbc74c2e4,2023-2024,7,7,A,active
de6cc2d2-dafe-49b9-9e03-c2ecbc74c2e4,2024-2025,8,7,A,active
4724991c-2e3e-4f2f-81ee-859259aff8f5,2023-2024,7,7,A,active
4724991c-2e3e-4f2f-81ee-859259aff8f5,2024-2025,8,7,A,active
abb2e997-6f55-4482-9f86-66c4a179f5f3,2023-2024,7,7,A,active
abb2e997-6f55-4482-9f86-66c4a179f5f3,2024-2025,8,7,A,active
d9d6d6fc-457a-43c2-8ce5-f94ca4d05f1c,2023-2024,7,7,B,active
d9d6d6fc-457a-43c2-8ce5-f94ca4d05f1c,2024-2025,8,7,B,active
bf89e1de-d842-4af7-8a72-87f9db622a6d,2023-2024,7,7,B,active
bf89e1de-d842-4af7-8a72-87f9db622a6d,2024-2025,8,7,B,active
1bf56a6d-44c6-4751-81fe-c059db5837c8,2023-2024,7,7,B,active
1bf56a6d-44c6-4751-81fe-c059db5837c8,2024-2025,8,7,B,active
a054d268-18cb-43de-809f-69aec257a067,2023-2024,7,7,B,active
a054d268-18cb-43de-809f-69aec257a067,2024-2025,8,7,B,active
99b06eb6-a2e5-4804-afef-a417acc8c896,2023-2024,7,7,B,active
99b06eb6-a2e5-4804-afef-a417acc8c896,2024-2025,8,7,B,active
24f4fb85-9d14-457d-8ac5-dcbaeabe436d,2023-2024,7,7,B,active
24f4fb85-9d14-457d-8ac5-dcbaeabe436d,2024-2025,8,7,B,active
e0753cc6-f1bf-49ed-9042-a9ba52f583e4,2023-2024,7,7,B,active
e0753cc6-f1bf-49ed-9042-a9ba52f583e4,2024-2025,8,7,B,active
c044a09a-bab9-4b3a-9c8f-56fad20a7608,2023-2024,7,7,B,active
c044a09a-bab9-4b3a-9c8f-56fad20a7608,2024-2025,8,7,B,active
f7f57769-db69-493f-be09-1af4091b7df7,2023-2024,7,7,B,active
f7f57769-db69-493f-be09-1af4091b7df7,2024-2025,8,7,B,active
2fad8742-c959-4aae-a000-e36de8c3122e,2023-2024,7,7,B,active
2fad8742-c959-4aae-a000-e36de8c3122e,2024-2025,8,7,B,active
48ddfb5c-118d-42ba-b469-5e40967ff504,2023-2024,7,7,B,active
48ddfb5c-118d-42ba-b469-5e40967ff504,2024-2025,8,7,B,active
fd800397-c64b-4f9e-9653-542e2f591c9c,2023-2024,7,7,B,active
fd800397-c64b-4f9e-9653-542e2f591c9c,2024-2025,8,7,B,active
2fc51dd6-5c62-49bc-b88c-b9eb1f13e9c7,2023-2024,7,7,B,active
2fc51dd6-5c62-49bc-b88c-b9eb1f13e9c7,2024-2025,8,7,B,active
53f1e6a1-4912-4efa-af69-1baf7ba277fb,2023-2024,7,7,B,active
53f1e6a1-4912-4efa-af69-1baf7ba277fb,2024-2025,8,7,B,active
d4dc8336-9679-4b70-8d14-2d21ec799a20,2023-2024,7,7,B,active
d4dc8336-9679-4b70-8d14-2d21ec799a20,2024-2025,8,7,B,active
52d6c531-d4fd-4242-bcde-843e5fca3d30,2023-2024,7,7,C,active
52d6c531-d4fd-4242-bcde-843e5fca3d30,2024-2025,8,7,C,active
ac7be2a2-265c-4976-8ca0-fd56a3838794,2023-2024,7,7,C,active
ac7be2a2-265c-4976-8ca0-fd56a3838794,2024-2025,8,7,C,active
abea7f8b-8429-4efb-b1b5-d54a6e66e987,2023-2024,7,7,C,active
abea7f8b-8429-4efb-b1b5-d54a6e66e987,2024-2025,8,7,C,active
e4839483-52e0-4aba-9674-de2f1be6c57f,2023-2024,7,7,C,active
e4839483-52e0-4aba-9674-de2f1be6c57f,2024-2025,8,7,C,active
58150e5b-ecdc-4af3-9d89-2589b5f93289,2023-2024,7,7,C,active
58150e5b-ecdc-4af3-9d89-2589b5f93289,2024-2025,8,7,C,active
195e33f4-ce7c-4cc3-b077-4b011441dfab,2023-2024,7,7,C,active
195e33f4-ce7c-4cc3-b077-4b011441dfab,2024-2025,8,7,C,active
78a413b1-a302-429c-beae-d74aca75d220,2023-2024,7,7,C,active
78a413b1-a302-429c-beae-d74aca75d220,2024-2025,8,7,C,active
45d52aac-737c-4408-977b-5eb95f0d0651,2023-2024,7,7,C,active
45d52aac-737c-4408-977b-5eb95f0d0651,2024-2025,8,7,C,active
043edbab-e1b9-49ab-baf3-00336ff48c36,2023-2024,7,7,C,active
043edbab-e1b9-49ab-baf3-00336ff48c36,2024-2025,8,7,C,active
69b44190-fc1c-4602-92a1-9b7503fe698d,2023-2024,7,7,C,active
69b44190-fc1c-4602-92a1-9b7503fe698d,2024-2025,8,7,C,active
7fd02378-ccb3-4f87-9301-6e2fd5081535,2023-2024,7,7,C,active
7fd02378-ccb3-4f87-9301-6e2fd5081535,2024-2025,8,7,C,active
3e50eb0e-e429-48f3-8938-ddc2148a6a90,2023-2024,7,7,C,active
3e50eb0e-e429-48f3-8938-ddc2148a6a90,2024-2025,8,7,C,active
4d3ed81a-9aa4-4e20-b43b-5b9690ebb257,2023-2024,7,7,C,active
4d3ed81a-9aa4-4e20-b43b-5b9690ebb257,2024-2025,8,7,C,active
eb9c69b3-a9ba-41a6-87f6-da8751d3e168,2023-2024,7,7,C,active
eb9c69b3-a9ba-41a6-87f6-da8751d3e168,2024-2025,8,7,C,active
6a260288-b13a-45d1-bead-8610f365e54e,2023-2024,7,7,C,active
6a260288-b13a-45d1-bead-8610f365e54e,2024-2025,8,7,C,active
b15684a3-0908-41ac-ac20-3bface5f8ed2,2024-2025,7,7,A,active
ea0d18cb-681d-45c4-8f09-26f88a6e9bc4,2024-2025,7,7,A,active
db489c7e-3be0-4984-a132-687cac789dae,2024-2025,7,7,A,active
dc2c09a8-303e-4bf5-ba37-6376127bf50d,2024-2025,7,7,A,active
dca86c55-d850-4d26-83f1-abe12e971810,2024-2025,7,7,A,active
3203852c-5864-4b3c-b53b-e622cb8c6988,2024-2025,7,7,A,active
fd761f52-218e-4803-a6f9-0c7bc6d5ca9d,2024-2025,7,7,A,active
717ee598-df2a-43dc-a7cc-2f3506e633b6,2024-2025,7,7,A,active
c5bf30b5-42b8-4af0-a2c0-60d8da2ff309,2024-2025,7,7,A,active
ce31426c-217d-4592-98de-4a4eef5979e9,2024-2025,7,7,A,active
65393fd9-5f1f-4e29-a55d-bd677ccda9c4,2024-2025,7,7,A,active
1fba1252-d7f3-4b7f-bdb3-14b092c6a51e,2024-2025,7,7,A,active
73abf70f-2fef-4983-b956-49fc2826748e,2024-2025,7,7,A,active
b6274717-b47b-4b25-b3dd-551014f48c65,2024-2025,7,7,A,active
ec8f5711-3e9d-4869-a44e-75823632927c,2024-2025,7,7,A,active
dc8f768e-5757-4778-a015-cd2c5cb73950,2024-2025,7,7,B,active
6db58429-db35-4162-9636-91d512260341,2024-2025,7,7,B,active
6ce6b271-1775-4587-ae4f-a2cd1a20704d,2024-2025,7,7,B,active
355d490e-709c-4419-9638-0c36229ee10a,2024-2025,7,7,B,active
9dfd8c65-18d0-4842-8cb2-98d06fdde2bb,2024-2025,7,7,B,active
d1bf0139-9002-48a7-a166-4d4b2922ea8b,2024-2025,7,7,B,active
e99ceae8-8157-42d3-99ed-a1cfc7c4251a,2024-2025,7,7,B,active
300f3c61-c146-4dc2-8e33-6db0090d5a38,2024-2025,7,7,B,active
d913aff6-754c-498d-95e5-403184e228d7,2024-2025,7,7,B,active
2dc52a53-ff6f-4b33-bb9e-da403bac8c3c,2024-2025,7,7,B,active
c959f594-c788-4408-82f8-6b0890686b28,2024-2025,7,7,B,active
e7c60af5-d3c2-4ade-b55e-fe8efe8513af,2024-2025,7,7,B,active
a6c6fa4f-b5d3-41b4-ae91-39cb929b8c6d,2024-2025,7,7,B,active
5efdd789-461c-481c-8057-499baf9356e0,2024-2025,7,7,B,active
74df4f54-4f69-4bcb-9f96-8a89ab3aeb4c,2024-2025,7,7,B,active
2d54a659-9b9b-464f-ab6c-5a300ee1a07d,2024-2025,7,7,C,active
76810c09-44be-4da9-8017-b1cdba240d9f,2024-2025,7,7,C,active
f926d5f4-c0e9-446c-b806-b5df7fc51128,2024-2025,7,7,C,active
876002a2-3b89-47fd-b916-65f6c92adc73,2024-2025,7,7,C,active
82284926-4f82-4c03-8e3d-6b3691a185b7,2024-2025,7,7,C,active
474c18dd-b149-4650-9c6a-8e35441986a7,2024-2025,7,7,C,active
c93144e3-8cb8-4ac2-8968-0e88ccb8a735,2024-2025,7,7,C,active
b1a5a700-5f9c-47bb-860d-70b5561c97c3,2024-2025,7,7,C,active
f4068980-c35b-4859-9fee-6b792aaa48d5,2024-2025,7,7,C,active
acf56a66-6c8b-437c-97e1-1e428cb0e354,2024-2025,7,7,C,active
c49465bb-1140-4e1f-8275-07d26325a4f9,2024-2025,7,7,C,active
72c04a50-f203-4b88-8914-e7d8f3acf94d,2024-2025,7,7,C,active
0d399ff3-89d2-401a-9d72-6cd4d853ce40,2024-2025,7,7,C,active
379425ea-046b-446c-89e5-742aad9cd13b,2024-2025,7,7,C,active
fdce04ca-7ef6-4765-9199-2703ef2e78b8,2024-2025,7,7,C,active
